isrc,path,value,,,,,,
USHR11637258,Anatomy > Rhythm & Time > BPM,*int*,,,,,,
USHR11637258,Anatomy > Rhythm & Time > Meter > Simple,4,,,,,,
USHR11637258,Anatomy > Harmony > Mode,Major,,,,,,
USHR11637258,Anatomy > Arrangement,Voice & Music,,,,,,
USHR11637258,Performance > Ensemble > Ensemble Timbre,Electronic/Synthetic,,,,,,
USHR11637258,Performance > Instrument,Drum Machine,,,,,,
USHR11637258,Anatomy > Rhythm & Time > Tempo > Speed,Medium,,,,,,
USHR11637258,Anatomy > Structure > Dynamic Shape,Dynamic,,,,,,
USHR11637258,Performance > Ensemble > Ensemble Section > Percussion,Has Percussion,,,,,,
USHR11637258,Performance > Ensemble > Ensemble Section > Wind Section,No Winds,,,,,,
USHR11637258,Performance > Ensemble > Ensemble Section > String Section,No Strings,,,,,,
USHR11637258,Performance > Ensemble > Ensemble Section > Choir,No Choir,,,,,,
USHR11637258,Anatomy > Rhythm & Time > Tempo > Persistent Pulse,Steady,,,,,,
USHR11637258,Performance > Voice > Vocal Range,High Vocal Range,,,,,,
USHR11637258,Anatomy > Harmony > Root,C#/Db,,,,,,
USHR11637258,Genre,Electronic,,,,,,
USHR11637258,Energy > Intensity > Medium,Medium-High Intensity,,,,,,
USHR11637258,Energy > Emotion > Positive,Uplifting,,,,,,
USHR11637258,Lyrics > Lyric Theme > Love > Breakup,Lost That Loving Feeling,,,,,,
USHR11637258,Lyrics > Lyric Theme > Love > Breakup,Moving On,,,,,,
USHR11637258,Lyrics > Lyric Theme > Love > Breakup,Lost,,,,,,
USHR11637258,Lyrics > Lyric Theme > Love > Obsession,Can't Get Over,,,,,,
USHR11637258,Lyrics > Lyric Theme > Love > Pain,Heartache,,,,,,
USHR11637258,Lyrics > Lyric Theme > Love > Pain,Unfaithful,,,,,,
USHR11637258,Lyrics > Lyric Theme > Love > Pain,Not My Type,,,,,,
USHR11637258,Lyrics > Lyric Theme > Love > Pain,Farewell,,,,,,
USHR11637258,Lyrics > Lyric Theme > Love > Romantic,We Should Be Together,,,,,,
USHR11637258,Lyrics > Lyric Language > Indo-European,English,,,,,,
USHR11637258,Origin > Applicable Dates > Originally Released Date,*date*,,,,,,
USHR11637258,Genre,Electronic,,,,,,
USHR11637258,Genre > Pop,Modern Pop,,,,,,
USHR11637258,Energy > Intensity > Medium,Medium-High Intensity,,,,,,
USHR11637258,Energy > Sound Color,Bright,,,,,,
USHR11637258,Energy > Sound Color,Full,,,,,,
USHR11637258,Energy > Sound Color,Crisp,,,,,,
USHR11637258,Energy > Sound Color,Mechanical,,,,,,
USHR11637258,Energy > Emotion > Positive,Exciting,,,,,,
USHR11637258,Energy > Emotion > Positive,Uplifting,,,,,,
USHR11637258,Energy > Emotion > Attitude,Dramatic,,,,,,
USHR11637258,Anatomy > Rhythm & Time > Meter > Simple,4,,,,,,
USHR11637258,Anatomy > Rhythm & Time > BPM,*int*,,,,,,
USHR11637258,Anatomy > Rhythm & Time > Tempo > Speed,Medium,,,,,,
USHR11637258,Anatomy > Rhythm & Time > Tempo > Persistent Pulse,Steady,,,,,,
USHR11637258,Anatomy > Rhythm & Time > Beat Placement,On The Beat,,,,,,
USHR11637258,Anatomy > Rhythm & Time > Rhythmic Feel,Pulsating,,,,,,
USHR11637258,Anatomy > Structure > Form,Song Form,,,,,,
USHR11637258,Anatomy > Structure > Dynamic Shape,Dynamic,,,,,,
USHR11637258,Anatomy > Structure > Structural Complexity,Simple Structure,,,,,,
USHR11637258,Anatomy > Harmony > Root,C#/Db,,,,,,
USHR11637258,Anatomy > Harmony > Mode,Major,,,,,,
USHR11637258,Anatomy > Arrangement,Voice & Music,,,,,,
USHR11637258,Application > Playlist > Time > Decade,2010s,,,,,,
USHR11637258,Application > Playlist > Mood,Empowered,,,,,,
USHR11637258,Application > Playlist > Mood,Confident,,,,,,
USHR11637258,Application > Playlist > Mood,Romantic,,,,,,
USHR11637258,Application > Playlist > Mood,Feeling Down,,,,,,
USHR11637258,Application > Playlist > Activity,Break-up,,,,,,
USHR11637258,Application > Playlist > Activity,Dancing,,,,,,
USHR11637258,Application > Playlist > Activity,Karaoke/Sing-Along,,,,,,
USHR11637258,Application > Playlist > Activity,Hanging Out,,,,,,
USHR11637258,Application > Version,Studio Version,,,,,,
USHR11637258,Performance > Instrument,Drum Machine,,,,,,
USHR11637258,Performance > Instrument > Synthesizer > Synthesizer Part,Synth Bass,,,,,,
USHR11637258,Performance > Instrument > Synthesizer > Synthesizer Part,Synth FX,,,,,,
USHR11637258,Performance > Instrument > Synthesizer > Synthesizer Part,Synth Pad,,,,,,
USHR11637258,Performance > Instrument > Synthesizer > Synthesizer Part,Synth Lead,,,,,,
USHR11637258,Performance > Instrument > Instrument Effect,Compression,,,,,,
USHR11637258,Performance > Instrument > Instrument Effect,Reverb,,,,,,
USHR11637258,Performance > Performer > Intensity,Medium,,,,,,
USHR11637258,Performance > Voice > Lead Vocals,Female,,,,,,
USHR11637258,Performance > Voice > Vocal Range > High Vocal Range,Mezzo-soprano Voice,,,,,,
USHR11637258,Performance > Voice > Vocal Range,High Vocal Range,,,,,,
USHR11637258,Performance > Voice > Vocal Effect,Voice Effects,,,,,,
USHR11637258,Performance > Ensemble > Ensemble Section > Wind Section,No Winds,,,,,,
USHR11637258,Performance > Ensemble > Ensemble Section > String Section,No Strings,,,,,,
USHR11637258,Performance > Ensemble > Ensemble Section > Percussion,Has Percussion,,,,,,
USHR11637258,Performance > Ensemble > Ensemble Section > Choir,No Choir,,,,,,
USHR11637258,Performance > Ensemble > Ensemble Timbre,Electronic/Synthetic,,,,,,
USHR11637258,Origin > Relevant Location > North America,United States,,,,,,
USWD10935875,Anatomy > Rhythm & Time > Meter > Simple,4,,,,,,
USWD10935875,Anatomy > Harmony > Root,B,,,,,,
USWD10935875,Anatomy > Harmony > Mode,Major,,,,,,
USWD10935875,Anatomy > Rhythm & Time > BPM,*int*,,,,,,
USWD10935875,Anatomy > Arrangement,Voice & Music,,,,,,
USWD10935875,Performance > Instrument > Guitar,Acoustic Guitar,,,,,,
USWD10935875,Performance > Ensemble > Ensemble Section > Percussion,No Percussion,,,,,,
USWD10935875,Performance > Ensemble > Ensemble Section > Choir,No Choir,,,,,,
USWD10935875,Performance > Ensemble > Ensemble Section > Wind Section,No Winds,,,,,,
USWD10935875,Performance > Ensemble > Ensemble Timbre,Acoustic,,,,,,
USWD10935875,Anatomy > Rhythm & Time > Tempo > Persistent Pulse,Steady,,,,,,
USWD10935875,Performance > Voice > Vocal Range,High Vocal Range,,,,,,
USWD10935875,Lyrics > Lyric Language > Indo-European,English,,,,,,
USWD10935875,Lyrics > Lyric Theme > Family,Family Life,,,,,,
USWD10935875,Lyrics > Lyric Theme > Family > Family Member,Daughter,,,,,,
USWD10935875,Lyrics > Lyric Theme > Family > Family Member,Father,,,,,,
USWD10935875,Lyrics > Lyric Theme > Love > Non-Romantic,Platonic,,,,,,
USWD10935875,Lyrics > Lyric Theme > Feelings > Confidence,Support,,,,,,
USWD10935875,Lyrics > Lyric Theme > Feelings > Confidence,Protect,,,,,,
USWD10935875,Lyrics > Lyric Theme > Feelings > Confidence,Strong,,,,,,
USWD10935875,Lyrics > Lyric Theme > Spiritual > Place,Dream,,,,,,
USWD10935875,Lyrics > Lyric Theme > Feelings > Gratitude,Possibility,,,,,,
USWD10935875,Lyrics > Lyric Theme > Feelings > Gratitude,Connection,,,,,,
USWD10935875,Lyrics > Lyric Theme > Feelings > Gratitude,Comfort,,,,,,
USWD10935875,Lyrics > Lyric Theme > Feelings > Gratitude,Understanding,,,,,,
USWD10935875,Lyrics > Lyric Theme > Feelings > Gratitude,Optimism,,,,,,
USWD10935875,Application > Version,Studio Version,,,,,,
USWD10935875,Anatomy > Rhythm & Time > Meter > Simple,4,,,,,,
USWD10935875,Anatomy > Rhythm & Time > Rhythmic Feel,Simple Feel,,,,,,
USWD10935875,Performance > Voice > Vocal Range > High Vocal Range,Mezzo-soprano Voice,,,,,,
USWD10935875,Performance > Voice > Vocal Range,High Vocal Range,,,,,,
USWD10935875,Performance > Voice > Lead Vocals,Female,,,,,,
USWD10935875,Anatomy > Rhythm & Time > BPM,*int*,,,,,,
USWD10935875,Anatomy > Rhythm & Time > Tempo > Speed,Medium Fast,,,,,,
USWD10935875,Anatomy > Rhythm & Time > Tempo > Persistent Pulse,Steady,,,,,,
USWD10935875,Origin > Relevant Location > North America,United States,,,,,,
USWD10935875,Genre,Pop,,,,,,
USWD10935875,Energy > Emotion > Positive,Sweet,,,,,,
USWD10935875,Application > Playlist > Time > Decade,2000s,,,,,,
USWD10935875,Origin > Applicable Dates > Originally Released Date,*date*,,,,,,
USWD10935875,Performance > Instrument > Guitar,Acoustic Guitar,,,,,,
USWD10935875,Energy > Emotion > Positive,Happy,,,,,,
USWD10935875,Energy > Emotion > Attitude,Sentimental,,,,,,
USWD10935875,Energy > Intensity > Medium,Medium Intensity,,,,,,
USWD10935875,Energy > Sound Color,Light,,,,,,
USWD10935875,Energy > Sound Color,Bright,,,,,,
USWD10935875,Anatomy > Rhythm & Time > Beat Placement,On The Beat,,,,,,
USWD10935875,Anatomy > Structure > Form,Song Form,,,,,,
USWD10935875,Anatomy > Structure > Dynamic Shape,Steady,,,,,,
USWD10935875,Anatomy > Structure > Structural Complexity,Simple Structure,,,,,,
USWD10935875,Anatomy > Arrangement,Voice & Music,,,,,,
USWD10935875,Energy > Sound Color,Crisp,,,,,,
USWD10935875,Anatomy > Harmony > Root,B,,,,,,
USWD10935875,Anatomy > Harmony > Mode,Major,,,,,,
USWD10935875,Performance > Ensemble > Ensemble Section > Choir,No Choir,,,,,,
USWD10935875,Performance > Ensemble > Ensemble Section > Percussion,No Percussion,,,,,,
USWD10935875,Performance > Ensemble > Ensemble Section > String Section,Has Strings,,,,,,
USWD10935875,Performance > Ensemble > Ensemble Section > Wind Section,No Winds,,,,,,
USWD10935875,Performance > Ensemble > Ensemble Timbre,Acoustic,,,,,,
USWD10935875,Performance > Instrument > Strings,Bowed Strings,,,,,,
USWD10935875,Performance > Instrument > Strings > Harp,Concert Harp,,,,,,
USWD10935875,Performance > Instrument > Wind,Flute,,,,,,
USWD10935875,Performance > Instrument > Guitar > Electric Guitar,Pedal Steel Guitar,,,,,,
USWD10935875,Performance > Performer > Intensity,Light,,,,,,
USWD10935875,Performance > Voice > Lead Vocals,Male,,,,,,
USWD10935875,Performance > Voice > Vocal Ensemble > Small Vocal Ensemble,Vocal Duet,,,,,,
USWD10935875,Performance > Voice > Vocal Range,Low Vocal Range,,,,,,
USWD10935875,Performance > Ensemble > Ensemble Configuration,Voice & Accompaniment,,,,,,
USWD10936421,Anatomy > Rhythm & Time > Meter > Compound,6,,,,,,
USWD10936421,Anatomy > Harmony > Root,F,,,,,,
USWD10936421,Anatomy > Harmony > Mode,Major,,,,,,
USWD10936421,Genre,Jazz,,,,,,
USWD10936421,Anatomy > Arrangement,Instrumental,,,,,,
USWD10936421,Performance > Instrument,Piano,,,,,,
USWD10936421,Energy > Intensity > Low,Low Intensity,,,,,,
USWD10936421,Anatomy > Rhythm & Time > Tempo > Speed,Slow,,,,,,
USWD10936421,Anatomy > Rhythm & Time > BPM,*int*,,,,,,
USWD10936421,Performance > Ensemble > Ensemble Timbre,Acoustic,,,,,,
USWD10936421,Anatomy > Structure > Dynamic Shape,Dynamic,,,,,,
USWD10936421,Performance > Ensemble > Ensemble Section > Percussion,Has Percussion,,,,,,
USWD10936421,Performance > Instrument,Percussion,,,,,,
USWD10936421,Performance > Ensemble > Ensemble Section > Choir,No Choir,,,,,,
USWD10936421,Performance > Ensemble > Ensemble Section > String Section,Has Strings,,,,,,
USWD10936421,Performance > Instrument,Strings,,,,,,
USWD10936421,Anatomy > Rhythm & Time > Tempo,Changing Pulse,,,,,,
USWD10936421,Energy > Emotion > Positive,Sweet,,,,,,
USWD10936421,Lyrics > Lyric Theme,None,,,,,,
USWD10936421,Performance > Voice > Vocal Range,None,,,,,,
USWD10936421,Performance > Voice > Lead Vocals,None,,,,,,
USWD10936421,Lyrics > Lyric Language,None,,,,,,
USWD10936421,Application > Version,Studio Version,,,,,,
USWD10936421,Application > Function > Media Music,Score,,,,,,
USWD10936421,Anatomy > Rhythm & Time > Rhythmic Feel,Simple Feel,,,,,,
USWD10936421,Anatomy > Rhythm & Time > Rhythmic Feel,Off-Beat,,,,,,
USWD10936421,Anatomy > Rhythm & Time > Meter > Compound,6,,,,,,
USWD10936421,Application > Playlist > Time > Decade,2000s,,,,,,
USWD10936421,Origin > Applicable Dates > Originally Released Date,*date*,,,,,,
USWD10936421,Genre > Jazz,Jazz-Pop,,,,,,
USWD10936421,Genre,Jazz,,,,,,
USWD10936421,Genre > Classical,Classical Crossover,,,,,,
USWD10936421,Energy > Emotion > Positive,Sweet,,,,,,
USWD10936421,Energy > Emotion > Positive,Contented,,,,,,
USWD10936421,Energy > Emotion > Attitude,Sentimental,,,,,,
USWD10936421,Energy > Emotion > Attitude,Dreamy,,,,,,
USWD10936421,Energy > Emotion > Attitude,Lighthearted,,,,,,
USWD10936421,Origin > Relevant Location > North America,United States,,,,,,
USWD10936421,Anatomy > Rhythm & Time > BPM,*int*,,,,,,
USWD10936421,Energy > Intensity > Low,Low Intensity,,,,,,
USWD10936421,Anatomy > Arrangement,Instrumental,,,,,,
USWD10936421,Energy > Sound Color,Airy,,,,,,
USWD10936421,Energy > Sound Color,Light,,,,,,
USWD10936421,Energy > Sound Color,Warm,,,,,,
USWD10936421,Anatomy > Rhythm & Time > Tempo,Changing Pulse,,,,,,
USWD10936421,Anatomy > Rhythm & Time > Beat Placement,On The Beat,,,,,,
USWD10936421,Anatomy > Structure > Form,Song Form,,,,,,
USWD10936421,Anatomy > Structure > Dynamic Shape,Dynamic,,,,,,
USWD10936421,Anatomy > Structure > Structural Complexity > Complex Structure,Developing,,,,,,
USWD10936421,Anatomy > Harmony > Mode,Major,,,,,,
USWD10936421,Anatomy > Harmony > Root,F,,,,,,
USWD10936421,Performance > Ensemble > Ensemble Configuration,Orchestra,,,,,,
USWD10936421,Performance > Ensemble > Ensemble Section > Choir,No Choir,,,,,,
USWD10936421,Performance > Ensemble > Ensemble Section > Percussion,Has Percussion,,,,,,
USWD10936421,Performance > Ensemble > Ensemble Section > String Section,Has Strings,,,,,,
USWD10936421,Performance > Ensemble > Ensemble Section > Wind Section,Has Winds,,,,,,
USWD10936421,Performance > Ensemble > Ensemble Timbre,Acoustic,,,,,,
USWD10936421,Performance > Instrument > Bass,Upright Bass,,,,,,
USWD10936421,Performance > Instrument,Piano,,,,,,
USWD10936421,Performance > Instrument > Percussion > Percussion Section,Orchestral Percussion,,,,,,
USWD10936421,Performance > Instrument,Percussion,,,,,,
USWD10936421,Performance > Instrument > Strings,Bowed Strings,,,,,,
USWD10936421,Performance > Instrument,Strings,,,,,,
USWD10936421,Performance > Instrument > Wind,Brass,,,,,,
USWD10936421,Performance > Instrument > Wind,Reed,,,,,,
USWD10936421,Performance > Instrument > Wind,Wind,,,,,,
USWD10936421,Anatomy > Rhythm & Time > Tempo > Speed,Slow,,,,,,
USWD10423008,Anatomy > Rhythm & Time > Meter > Simple,4,,,,,,
USWD10423008,Anatomy > Harmony > Mode,Major,,,,,,
USWD10423008,Anatomy > Harmony > Root,C,,,,,,
USWD10423008,Performance > Instrument,Percussion,,,,,,
USWD10423008,Performance > Ensemble > Ensemble Section > Percussion,Has Percussion,,,,,,
USWD10423008,Performance > Ensemble > Ensemble Section > Choir,No Choir,,,,,,
USWD10423008,Performance > Performer > Intensity,Medium,,,,,,
USWD10423008,Performance > Instrument,Drum Set,,,,,,
USWD10423008,Anatomy > Rhythm & Time > Tempo > Speed,Medium,,,,,,
USWD10423008,Performance > Voice > Vocal Range,Low Vocal Range,,,,,,
USWD10423008,Anatomy > Rhythm & Time > BPM,*int*,,,,,,
USWD10423008,Genre,Pop,,,,,,
USWD10423008,Genre > Jazz,Traditional Pop,,,,,,
USWD10423008,Performance > Instrument > Wind,Clarinet,,,,,,
USWD10423008,Performance > Instrument > Wind,Trumpet,,,,,,
USWD10423008,Performance > Instrument > Instrument Technique > Classical,Con sordino,,,,,,
USWD10423008,Performance > Instrument > Strings > Plucked Strings > Banjo,Tenor Banjo,,,,,,
USWD10423008,Performance > Instrument,Piano,,,,,,
USWD10423008,Performance > Instrument > Percussion > Unpitched,Maracas,,,,,,
USWD10423008,Performance > Instrument,Percussion,,,,,,
USWD10423008,Performance > Instrument > Wind,Tuba,,,,,,
USWD10423008,Performance > Instrument,Drum Set,,,,,,
USWD10423008,Performance > Instrument > Strings,Bowed Strings,,,,,,
USWD10423008,Performance > Instrument > Strings,Violin,,,,,,
USWD10423008,Performance > Instrument > Strings,Viola,,,,,,
USWD10423008,Performance > Instrument > Strings,Cello,,,,,,
USWD10423008,Performance > Performer > Intensity,Medium,,,,,,
USWD10423008,Performance > Voice > Lead Vocals,Male,,,,,,
USWD10423008,Performance > Voice > Background Vocals,Child Backgrounds,,,,,,
USWD10423008,Performance > Voice > Vocal Arrangement,Double,,,,,,
USWD10423008,Performance > Voice > Vocal Range > Low Vocal Range,Baritone Voice,,,,,,
USWD10423008,Performance > Voice > Vocal Range,Low Vocal Range,,,,,,
USWD10423008,Performance > Voice > Vocal Technique,Spoken,,,,,,
USWD10423008,Energy > Emotion > Positive,Happy,,,,,,
USWD10423008,Energy > Emotion > Positive,Contented,,,,,,
USWD10423008,Energy > Emotion > Attitude,Lighthearted,,,,,,
USWD10423008,Energy > Emotion > Attitude,Playful,,,,,,
USWD10423008,Energy > Emotion > Attitude,Comical,,,,,,
USWD10423008,Energy > Intensity > Medium,Medium-High Intensity,,,,,,
USWD10423008,Energy > Intensity > Medium,Medium Intensity,,,,,,
USWD10423008,Energy > Intensity > Low,Low Intensity,,,,,,
USWD10423008,Energy > Sound Color,Warm,,,,,,
USWD10423008,Energy > Sound Color,Full,,,,,,
USWD10423008,Energy > Sound Color,Soft,,,,,,
USWD10423008,Energy > Sound Color,Smooth,,,,,,
USWD10423008,Performance > Instrument > Guitar,Acoustic Guitar,,,,,,
USWD10423008,Performance > Ensemble > Ensemble Configuration,Orchestra,,,,,,
USWD10423008,Performance > Ensemble > Ensemble Configuration,Jazz Combo,,,,,,
USWD10423008,Performance > Ensemble > Ensemble Section > Choir,No Choir,,,,,,
USWD10423008,Performance > Ensemble > Ensemble Section > Percussion,Has Percussion,,,,,,
USWD10423008,Performance > Ensemble > Ensemble Section > String Section,Has Strings,,,,,,
USWD10423008,Performance > Ensemble > Ensemble Section > Wind Section,Has Winds,,,,,,
USWD10423008,Performance > Ensemble > Ensemble Timbre,Acoustic,,,,,,
USWD10423008,Performance > Ensemble > Ensemble Size,Large Ensemble Size,,,,,,
USWD10423008,Anatomy > Rhythm & Time > Meter > Simple,4,,,,,,
USWD10423008,Anatomy > Rhythm & Time > Tempo > Speed,Medium,,,,,,
USWD10423008,Anatomy > Rhythm & Time > BPM,*int*,,,,,,
USWD10423008,Anatomy > Rhythm & Time > Tempo > Changing Pulse,Fluctuating,,,,,,
USWD10423008,Anatomy > Rhythm & Time > Beat Placement,On The Beat,,,,,,
USWD10423008,Anatomy > Rhythm & Time > Rhythmic Feel,Simple Feel,,,,,,
USWD10423008,Anatomy > Rhythm & Time > Rhythmic Feel,Swing Feel,,,,,,
USWD10423008,Anatomy > Structure > Form,Song Form,,,,,,
USWD10423008,Anatomy > Structure > Dynamic Shape,Steady,,,,,,
USWD10423008,Anatomy > Structure > Structural Complexity,Simple Structure,,,,,,
USWD10423008,Application > Playlist > Time > Decade,1960s,,,,,,
USWD10423008,Origin > Applicable Dates > Originally Released Date,*date*,,,,,,
USWD10423008,Lyrics > Lyric Language > Indo-European,English,,,,,,
USWD10423008,Anatomy > Harmony > Root,C,,,,,,
USWD10423008,Anatomy > Harmony > Mode,Major,,,,,,
USWD10423008,Anatomy > Arrangement,Voice & Music,,,,,,
USWD10423008,Origin > Relevant Location > North America,United States,,,,,,
USWD10423008,Application > Playlist > Theme,Soundtrack,,,,,,
USWD10423008,Application > Function > Media Music,Soundtrack,,,,,,
USWD10423008,Application > Version,Studio Version,,,,,,
USWD10423008,Lyrics > Lyric Theme > Feelings > Intention,Living,,,,,,
USWD10423008,Lyrics > Lyric Theme > Feelings > Happiness,Carefree,,,,,,
USWD10423008,Lyrics > Lyric Theme > Motion > Action,Relax,,,,,,
USWD10423008,Lyrics > Lyric Technique,Imagery,,,,,,
USWD10423008,Lyrics > Lyric Theme > Conflict > Shame,Forget,,,,,,
USWD10423008,Lyrics > Lyric Theme > Conflict > Stress,Problems,,,,,,
USWD10423008,Lyrics > Lyric Theme > Love > Non-Romantic,Friendship,,,,,,
USWD10423008,Lyrics > Lyric Theme > Consciousness,Mentality,,,,,,
USHR11737993,Anatomy > Rhythm & Time > Meter > Simple,4,,,,,,
USHR11737993,Anatomy > Rhythm & Time > BPM,*int*,,,,,,
USHR11737993,Anatomy > Arrangement,Voice & Music,,,,,,
USHR11737993,Performance > Ensemble > Ensemble Timbre,Electric,,,,,,
USHR11737993,Performance > Instrument > Guitar,Electric Guitar,,,,,,
USHR11737993,Performance > Instrument,Drum Set,,,,,,
USHR11737993,Performance > Performer > Intensity,Light,,,,,,
USHR11737993,Performance > Ensemble > Ensemble Timbre,Electronic/Synthetic,,,,,,
USHR11737993,Anatomy > Rhythm & Time > Tempo > Speed,Medium,,,,,,
USHR11737993,Anatomy > Structure > Dynamic Shape,Dynamic,,,,,,
USHR11737993,Performance > Ensemble > Ensemble Section > Percussion,Has Percussion,,,,,,
USHR11737993,Performance > Ensemble > Ensemble Section > String Section,No Strings,,,,,,
USHR11737993,Performance > Ensemble > Ensemble Section > Wind Section,No Winds,,,,,,
USHR11737993,Performance > Ensemble > Ensemble Section > Choir,No Choir,,,,,,
USHR11737993,Anatomy > Rhythm & Time > Tempo > Persistent Pulse,Steady,,,,,,
USHR11737993,Performance > Ensemble > Ensemble Configuration,Pop Band,,,,,,
USHR11737993,Energy > Intensity > Medium,Medium-High Intensity,,,,,,
USHR11737993,Lyrics > Lyric Language > Indo-European,English,,,,,,
USHR11737993,Lyrics > Lyric Theme > Feelings > Confidence,Success,,,,,,
USHR11737993,Lyrics > Lyric Theme > Objects,Fame,,,,,,
USHR11737993,Lyrics > Lyric Theme > Conflict > Stress,Dissatisfaction,,,,,,
USHR11737993,Lyrics > Lyric Theme > Conflict > Shame,Insecure,,,,,,
USHR11737993,Lyrics > Lyric Theme > Conflict > Shame,Identity Crisis,,,,,,
USHR11737993,Lyrics > Lyric Theme > Time > Human,Grow Older,,,,,,
USHR11737993,Application > Version,Studio Version,,,,,,
USHR11737993,Origin > Applicable Dates > Originally Released Date,*date*,,,,,,
USHR11737993,Application > Playlist > Time > Decade,2010s,,,,,,
USHR11737993,Genre > Rock,Alternative Rock,,,,,,
USHR11737993,Origin > Relevant Location > North America,United States,,,,,,
USHR11737993,Anatomy > Rhythm & Time > Tempo > Speed,Medium,,,,,,
USHR11737993,Anatomy > Rhythm & Time > Tempo > Persistent Pulse,Steady,,,,,,
USHR11737993,Anatomy > Rhythm & Time > BPM,*int*,,,,,,
USHR11737993,Performance > Voice > Vocal Range > Low Vocal Range,Tenor Voice,,,,,,
USHR11737993,Performance > Voice > Lead Vocals,Male,,,,,,
USHR11737993,Anatomy > Rhythm & Time > Rhythmic Feel,Simple Feel,,,,,,
USHR11737993,Anatomy > Rhythm & Time > Meter > Simple,4,,,,,,
USHR11737993,Energy > Intensity > Medium,Medium-High Intensity,,,,,,
USHR11737993,Energy > Emotion > Attitude,Dreamy,,,,,,
USHR11737993,Energy > Emotion > Positive,Contented,,,,,,
USHR11737993,Energy > Sound Color,Metallic,,,,,,
USHR11737993,Energy > Sound Color,Full,,,,,,
USHR11737993,Energy > Sound Color,Bright,,,,,,
USHR11737993,Anatomy > Rhythm & Time > Beat Placement,On The Beat,,,,,,
USHR11737993,Anatomy > Rhythm & Time > Rhythmic Feel,Pulsating,,,,,,
USHR11737993,Anatomy > Structure > Form,Song Form,,,,,,
USHR11737993,Anatomy > Structure > Dynamic Shape,Dynamic,,,,,,
USHR11737993,Anatomy > Structure > Structural Complexity,Simple Structure,,,,,,
USHR11737993,Performance > Ensemble > Ensemble Configuration,Pop Band,,,,,,
USHR11737993,Performance > Ensemble > Ensemble Section > Percussion,Has Percussion,,,,,,
USHR11737993,Performance > Ensemble > Ensemble Section > Choir,No Choir,,,,,,
USHR11737993,Performance > Ensemble > Ensemble Section > String Section,No Strings,,,,,,
USHR11737993,Performance > Ensemble > Ensemble Section > Wind Section,No Winds,,,,,,
USHR11737993,Performance > Ensemble > Ensemble Timbre,Electric,,,,,,
USHR11737993,Performance > Ensemble > Ensemble Timbre,Electronic/Synthetic,,,,,,
USHR11737993,Performance > Performer > Intensity,Light,,,,,,
USHR11737993,Anatomy > Harmony > Mode,Minor,,,,,,
USHR11737993,Anatomy > Harmony > Root,Ab/G#,,,,,,
USHR11737993,Anatomy > Arrangement,Voice & Music,,,,,,
USHR11737993,Performance > Instrument > Guitar,Electric Guitar,,,,,,
USHR11737993,Performance > Instrument > Bass,Electric Bass Guitar,,,,,,
USHR11737993,Performance > Instrument,Drum Set,,,,,,
USHR11737993,Performance > Instrument > Synthesizer > Synthesizer Part,Synth FX,,,,,,
USHR11737993,Performance > Instrument > Organ,Electric Organ,,,,,,
USHR11737993,Performance > Instrument > Instrument Effect,Distortion,,,,,,
USHR11737993,Performance > Instrument > Instrument Effect,Feedback,,,,,,
USHR11737993,Performance > Instrument > Instrument Effect,Reverb,,,,,,
USHR11737993,Performance > Instrument > Instrument Effect,Filtering,,,,,,
USHR11737993,Performance > Instrument > Instrument Effect,Panning,,,,,,
USHR11737993,Performance > Voice > Background Vocals,Male Backgrounds,,,,,,
USWD11569823,Anatomy > Harmony > Root,Bb/A#,,,,,,
USWD11569823,Anatomy > Harmony > Mode,Major,,,,,,
USWD11569823,Anatomy > Arrangement,Voice & Music,,,,,,
USWD11569823,Anatomy > Rhythm & Time > Tempo > Speed,Medium,,,,,,
USWD11569823,Anatomy > Rhythm & Time > BPM,*int*,,,,,,
USWD11569823,Anatomy > Structure > Dynamic Shape,Steady,,,,,,
USWD11569823,Performance > Ensemble > Ensemble Section > String Section,Has Strings,,,,,,
USWD11569823,Performance > Ensemble > Ensemble Section > Percussion,Has Percussion,,,,,,
USWD11569823,Performance > Ensemble > Ensemble Section > Choir,Has Choir,,,,,,
USWD11569823,Performance > Voice > Vocal Ensemble,Choir,,,,,,
USWD11569823,Performance > Ensemble > Ensemble Timbre,Acoustic,,,,,,
USWD11569823,Anatomy > Rhythm & Time > Tempo > Persistent Pulse,Steady,,,,,,
USWD11569823,Performance > Instrument,Strings,,,,,,
USWD11569823,Performance > Instrument,Percussion,,,,,,
USWD11569823,Lyrics > Lyric Theme > Spiritual > Idea,Magic,,,,,,
USWD11569823,Lyrics > Lyric Theme > Spiritual > Idea,Supernatural,,,,,,
USWD11569823,Lyrics > Lyric Technique,Nonsensical,,,,,,
USWD11569823,Lyrics > Lyric Language > Indo-European,English,,,,,,
USWD11569823,Application > Version,Studio Version,,,,,,
USWD11569823,Application > Playlist > Theme,Soundtrack,,,,,,
USWD11569823,Application > Function > Media Music,Soundtrack,,,,,,
USWD11569823,Anatomy > Arrangement,Voice & Music,,,,,,
USWD11569823,Anatomy > Rhythm & Time > BPM,*int*,,,,,,
USWD11569823,Anatomy > Structure > Dynamic Shape,Steady,,,,,,
USWD11569823,Anatomy > Rhythm & Time > Meter > Compound,6,,,,,,
USWD11569823,Anatomy > Harmony > Root,Bb/A#,,,,,,
USWD11569823,Anatomy > Harmony > Mode,Major,,,,,,
USWD11569823,Anatomy > Rhythm & Time > Tempo > Speed,Medium,,,,,,
USWD11569823,Anatomy > Rhythm & Time > Tempo > Persistent Pulse,Steady,,,,,,
USWD11569823,Performance > Ensemble > Ensemble Section > Choir,Has Choir,,,,,,
USWD11569823,Performance > Ensemble > Ensemble Section > Percussion,Has Percussion,,,,,,
USWD11569823,Performance > Ensemble > Ensemble Section > String Section,Has Strings,,,,,,
USWD11569823,Performance > Ensemble > Ensemble Section > Wind Section,Has Winds,,,,,,
USWD11569823,Performance > Ensemble > Ensemble Timbre,Acoustic,,,,,,
USWD11569823,Performance > Voice > Lead Vocals,Female,,,,,,
USWD11569823,Performance > Voice > Vocal Ensemble,Choir,,,,,,
USWD11569823,Performance > Voice,Background Vocals,,,,,,
USWD11569823,Performance > Voice > Vocal Range,High Vocal Range,,,,,,
USWD11569823,Performance > Voice > Vocal Technique,Talk-Sing,,,,,,
USWD11569823,Performance > Instrument > Strings,Bowed Strings,,,,,,
USWD11569823,Performance > Instrument,Strings,,,,,,
USWD11569823,Performance > Instrument > Strings,Cello,,,,,,
USWD11569823,Performance > Instrument > Strings,Viola,,,,,,
USWD11569823,Performance > Instrument > Strings,Violin,,,,,,
USWD11569823,Performance > Instrument > Strings,Double Bass,,,,,,
USWD11569823,Performance > Instrument > Strings > Harp,Concert Harp,,,,,,
USWD11569823,Performance > Instrument > Wind,Flute,,,,,,
USWD11569823,Performance > Instrument > Wind,Oboe,,,,,,
USWD11569823,Performance > Instrument > Wind,Clarinet,,,,,,
USWD11569823,Performance > Instrument > Wind,Trumpet,,,,,,
USWD11569823,Performance > Instrument > Wind,Trombone,,,,,,
USWD11569823,Performance > Instrument > Wind,Tuba,,,,,,
USWD11569823,Performance > Instrument > Wind,Bassoon,,,,,,
USWD11569823,Performance > Instrument > Percussion > Percussion Section,Orchestral Percussion,,,,,,
USWD11569823,Performance > Instrument,Percussion,,,,,,
USWD11569823,Energy > Intensity > Medium,Medium Intensity,,,,,,
USWD11569823,Anatomy > Rhythm & Time > Rhythmic Feel,Triple Feel,,,,,,
USWD11569823,Anatomy > Rhythm & Time > Rhythmic Feel,Simple Feel,,,,,,
USWD11569823,Origin > Relevant Location > North America,United States,,,,,,
USWD11569823,Origin > Relevant Location > Europe,England,,,,,,
USWD11569823,Genre,Pop,,,,,,
USWD11569823,Application > Playlist > Time > Decade,2010s,,,,,,
USWD11569823,Origin > Applicable Dates > Originally Released Date,*date*,,,,,,
USWD11569823,Energy > Emotion > Positive,Happy,,,,,,
USWD11569823,Energy > Emotion > Positive,Uplifting,,,,,,
USWD11569823,Energy > Emotion > Attitude,Lighthearted,,,,,,
USWD11569823,Energy > Emotion > Attitude,Playful,,,,,,
USWD11569823,Anatomy > Structure > Form,Song Form,,,,,,
USWD11569823,Anatomy > Structure > Structural Complexity,Simple Structure,,,,,,
USWD11569823,Energy > Sound Color,Full,,,,,,
USWD11569823,Energy > Sound Color,Light,,,,,,
USWD11569823,Energy > Sound Color,Balanced,,,,,,
USHR19713001,Anatomy > Rhythm & Time > Meter > Simple,4,,,,,,
USHR19713001,Anatomy > Harmony > Root,E,,,,,,
USHR19713001,Anatomy > Harmony > Mode,Major,,,,,,
USHR19713001,Performance > Instrument,Drum Set,,,,,,
USHR19713001,Performance > Performer > Intensity,Light,,,,,,
USHR19713001,Performance > Instrument > Guitar,Electric Guitar,,,,,,
USHR19713001,Anatomy > Arrangement,Voice & Music,,,,,,
USHR19713001,Performance > Ensemble > Ensemble Timbre,Electric,,,,,,
USHR19713001,Performance > Ensemble > Ensemble Configuration,Rock Band,,,,,,
USHR19713001,Energy > Intensity > High,High Intensity,,,,,,
USHR19713001,Anatomy > Rhythm & Time > BPM,*int*,,,,,,
USHR19713001,Anatomy > Structure > Dynamic Shape,Dynamic,,,,,,
USHR19713001,Performance > Ensemble > Ensemble Section > Percussion,Has Percussion,,,,,,
USHR19713001,Performance > Ensemble > Ensemble Section > Wind Section,No Winds,,,,,,
USHR19713001,Performance > Ensemble > Ensemble Section > String Section,No Strings,,,,,,
USHR19713001,Performance > Ensemble > Ensemble Section > Choir,No Choir,,,,,,
USHR19713001,Anatomy > Rhythm & Time > Tempo > Persistent Pulse,Steady,,,,,,
USHR19713001,Performance > Voice > Vocal Range,Low Vocal Range,,,,,,
USHR19713001,Energy > Emotion > Positive,Uplifting,,,,,,
USHR19713001,Lyrics > Lyric Theme > Conflict > Stress,Loss,,,,,,
USHR19713001,Lyrics > Lyric Theme > Conflict > Stress,Problems,,,,,,
USHR19713001,Lyrics > Lyric Theme > Conflict > Shame,Pain,,,,,,
USHR19713001,Lyrics > Lyric Theme > Feelings > Gratitude,Connection,,,,,,
USHR19713001,Lyrics > Lyric Theme > Feelings > Gratitude,Understanding,,,,,,
USHR19713001,Lyrics > Lyric Theme > Spiritual > Idea,Death,,,,,,
USHR19713001,Lyrics > Lyric Theme > Love > Commitment,Togetherness,,,,,,
USHR19713001,Lyrics > Lyric Theme > Love > Commitment,Us Against The World,,,,,,
USHR19713001,Lyrics > Lyric Theme > Love > Romantic,Affection,,,,,,
USHR19713001,Application > Version,Studio Version,,,,,,
USHR19713001,Performance > Voice > Vocal Range > Low Vocal Range,Tenor Voice,,,,,,
USHR19713001,Performance > Voice > Vocal Range,Low Vocal Range,,,,,,
USHR19713001,Application > Playlist > Time > Decade,1990s,,,,,,
USHR19713001,Origin > Applicable Dates > Originally Released Date,*date*,,,,,,
USHR19713001,Genre > Rock,Alternative Rock,,,,,,
USHR19713001,Genre > Rock,Power Pop,,,,,,
USHR19713001,Origin > Relevant Location > North America,United States,,,,,,
USHR19713001,Anatomy > Rhythm & Time > Tempo > Persistent Pulse,Steady,,,,,,
USHR19713001,Anatomy > Rhythm & Time > Tempo > Speed,Medium Fast,,,,,,
USHR19713001,Anatomy > Rhythm & Time > BPM,*int*,,,,,,
USHR19713001,Performance > Voice > Lead Vocals,Male,,,,,,
USHR19713001,Anatomy > Rhythm & Time > Meter > Simple,4,,,,,,
USHR19713001,Anatomy > Rhythm & Time > Rhythmic Feel,Simple Feel,,,,,,
USHR19713001,Energy > Emotion > Positive,Uplifting,,,,,,
USHR19713001,Lyrics > Lyric Language > Indo-European,English,,,,,,
USHR19713001,Energy > Intensity > High,High Intensity,,,,,,
USHR19713001,Anatomy > Arrangement,Voice & Music,,,,,,
USHR19713001,Anatomy > Structure > Dynamic Shape,Dynamic,,,,,,
USHR19713001,Performance > Ensemble > Ensemble Configuration,Rock Band,,,,,,
USHR19713001,Performance > Ensemble > Ensemble Section > Percussion,Has Percussion,,,,,,
USHR19713001,Performance > Ensemble > Ensemble Section > Choir,No Choir,,,,,,
USHR19713001,Performance > Ensemble > Ensemble Section > String Section,No Strings,,,,,,
USHR19713001,Performance > Ensemble > Ensemble Section > Wind Section,No Winds,,,,,,
USHR19713001,Performance > Ensemble > Ensemble Timbre,Electric,,,,,,
USHR19713001,Performance > Performer > Intensity,Light,,,,,,
USHR19713001,Performance > Instrument,Drum Set,,,,,,
USHR19713001,Performance > Instrument > Guitar,Electric Guitar,,,,,,
USHR19713001,Performance > Instrument > Bass,Electric Bass Guitar,,,,,,
USHR19713001,Performance > Instrument,Keyboard,,,,,,
USHR19713001,Performance > Instrument > Instrument Effect,Distortion,,,,,,
USHR19713001,Performance > Instrument > Instrument Effect,Reverb,,,,,,
USHR19713001,Anatomy > Rhythm & Time > Beat Placement,On The Beat,,,,,,
USHR19713001,Anatomy > Structure > Form,Song Form,,,,,,
USHR19713001,Anatomy > Structure > Structural Complexity,Simple Structure,,,,,,
USHR19713001,Anatomy > Harmony > Root,E,,,,,,
USHR19713001,Anatomy > Harmony > Mode,Major,,,,,,
USWD10629948,Anatomy > Rhythm & Time > BPM,*int*,,,,,,
USWD10629948,Anatomy > Rhythm & Time > Meter > Simple,4,,,,,,
USWD10629948,Anatomy > Harmony > Mode,Minor,,,,,,
USWD10629948,Anatomy > Arrangement,Voice & Music,,,,,,
USWD10629948,Energy > Emotion > Negative,Angry,,,,,,
USWD10629948,Performance > Ensemble > Ensemble Configuration,Rock Band,,,,,,
USWD10629948,Performance > Instrument > Guitar,Electric Guitar,,,,,,
USWD10629948,Performance > Ensemble > Ensemble Timbre,Electronic/Synthetic,,,,,,
USWD10629948,Energy > Intensity > High,Highest Intensity,,,,,,
USWD10629948,Anatomy > Rhythm & Time > Tempo > Speed,Fast,,,,,,
USWD10629948,Anatomy > Structure > Dynamic Shape,Steady,,,,,,
USWD10629948,Performance > Ensemble > Ensemble Section > Percussion,Has Percussion,,,,,,
USWD10629948,Performance > Ensemble > Ensemble Section > String Section,No Strings,,,,,,
USWD10629948,Performance > Ensemble > Ensemble Section > Choir,No Choir,,,,,,
USWD10629948,Anatomy > Rhythm & Time > Tempo > Persistent Pulse,Steady,,,,,,
USWD10629948,Performance > Voice > Vocal Range,Low Vocal Range,,,,,,
USWD10629948,Performance > Instrument,Percussion,,,,,,
USWD10629948,Performance > Ensemble > Ensemble Section > Wind Section,No Winds,,,,,,
USWD10629948,Performance > Instrument,Drum Set,,,,,,
USWD10629948,Anatomy > Harmony > Root,C,,,,,,
USWD10629948,Lyrics > Lyric Theme > Holiday,Halloween,,,,,,
USWD10629948,Application > Playlist > Time > Holiday,Halloween,,,,,,
USWD10629948,Anatomy > Rhythm & Time > Meter > Simple,4,,,,,,
USWD10629948,Anatomy > Rhythm & Time > Rhythmic Feel,Simple Feel,,,,,,
USWD10629948,Performance > Instrument,Drum Set,,,,,,
USWD10629948,Performance > Instrument > Guitar,Electric Guitar,,,,,,
USWD10629948,Performance > Instrument,Percussion,,,,,,
USWD10629948,Performance > Voice > Vocal Range,Low Vocal Range,,,,,,
USWD10629948,Performance > Voice > Lead Vocals,Male,,,,,,
USWD10629948,Anatomy > Rhythm & Time > BPM,*int*,,,,,,
USWD10629948,Anatomy > Rhythm & Time > Tempo > Speed,Fast,,,,,,
USWD10629948,Anatomy > Rhythm & Time > Tempo > Persistent Pulse,Steady,,,,,,
USWD10629948,Application > Version,Studio Version,,,,,,
USWD10629948,Application > Version,Cover,,,,,,
USWD10629948,Origin > Relevant Location > North America,United States,,,,,,
USWD10629948,Lyrics > Lyric Language > Indo-European,English,,,,,,
USWD10629948,Genre > Rock > Metal,Industrial Metal,,,,,,
USWD10629948,Genre > Rock > Metal,Alt Metal,,,,,,
USWD10629948,Application > Playlist > Time > Decade,2000s,,,,,,
USWD10629948,Origin > Applicable Dates > Originally Released Date,*date*,,,,,,
USWD10629948,Energy > Emotion > Negative,Angry,,,,,,
USWD10629948,Lyrics > Lyric Theme > Place > Situation,Small Town Life,,,,,,
USWD10629948,Lyrics > Lyric Theme > Feelings > Happiness,Excited,,,,,,
USWD10629948,Lyrics > Lyric Theme > Feelings > Happiness,Fun,,,,,,
USWD10629948,Lyrics > Lyric Theme > Feelings > Happiness,Good,,,,,,
USWD10629948,Application > Playlist > Theme,Horror,,,,,,
USWD10629948,Lyrics > Lyric Theme > Conflict > Contempt,Horror,,,,,,
USWD10629948,Anatomy > Harmony > Root,C,,,,,,
USWD10629948,Energy > Intensity > High,Highest Intensity,,,,,,
USWD10629948,Anatomy > Arrangement,Voice & Music,,,,,,
USWD10629948,Anatomy > Structure > Dynamic Shape,Steady,,,,,,
USWD10629948,Anatomy > Harmony > Mode,Minor,,,,,,
USWD10629948,Performance > Ensemble > Ensemble Configuration,Rock Band,,,,,,
USWD10629948,Performance > Ensemble > Ensemble Section > Percussion,Has Percussion,,,,,,
USWD10629948,Performance > Ensemble > Ensemble Section > Choir,No Choir,,,,,,
USWD10629948,Performance > Ensemble > Ensemble Section > String Section,No Strings,,,,,,
USWD10629948,Performance > Ensemble > Ensemble Section > Wind Section,No Winds,,,,,,
USWD10629948,Performance > Ensemble > Ensemble Timbre,Electronic/Synthetic,,,,,,
USWD10629948,Performance > Performer > Intensity,Medium,,,,,,
USHR11838861,Anatomy > Harmony > Root,D,,,,,,
USHR11838861,Anatomy > Harmony > Mode,Major,,,,,,
USHR11838861,Anatomy > Rhythm & Time > BPM,*int*,,,,,,
USHR11838861,Anatomy > Rhythm & Time > Meter > Simple,4,,,,,,
USHR11838861,Anatomy > Arrangement,Voice & Music,,,,,,
USHR11838861,Anatomy > Structure > Dynamic Shape,Steady,,,,,,
USHR11838861,Performance > Ensemble > Ensemble Timbre,Electronic/Synthetic,,,,,,
USHR11838861,Performance > Instrument,Drum Machine,,,,,,
USHR11838861,Anatomy > Rhythm & Time > Tempo > Speed,Fast,,,,,,
USHR11838861,Anatomy > Rhythm & Time > Tempo > Persistent Pulse,Steady,,,,,,
USHR11838861,Performance > Ensemble > Ensemble Section > Percussion,Has Percussion,,,,,,
USHR11838861,Performance > Ensemble > Ensemble Section > String Section,No Strings,,,,,,
USHR11838861,Performance > Ensemble > Ensemble Section > Choir,No Choir,,,,,,
USHR11838861,Performance > Voice > Vocal Range,High Vocal Range,,,,,,
USHR11838861,Performance > Ensemble > Ensemble Section > Wind Section,No Winds,,,,,,
USHR11838861,Energy > Intensity > Medium,Medium-High Intensity,,,,,,
USHR11838861,Energy > Emotion > Positive,Uplifting,,,,,,
USHR11838861,Lyrics > Lyric Technique,First-Person,,,,,,
USHR11838861,Lyrics > Lyric Language > Indo-European,Spanish,,,,,,
USHR11838861,Lyrics > Lyric Theme > Love > Romantic,We Should Be Together,,,,,,
USHR11838861,Lyrics > Lyric Theme > Love > Romantic,Romance,,,,,,
USHR11838861,Lyrics > Lyric Theme > Love > Romantic,Affection,,,,,,
USHR11838861,Lyrics > Lyric Theme > Love > Romantic,Being In,,,,,,
USHR11838861,Lyrics > Lyric Theme > Love > Temptation,Need,,,,,,
USHR11838861,Lyrics > Lyric Theme > Love > Obsession,Longing,,,,,,
USHR11838861,Lyrics > Lyric Theme > Love > Commitment,Togetherness,,,,,,
USHR11838861,Lyrics > Lyric Theme > Love > Commitment,Us Against The World,,,,,,
USHR11838861,Lyrics > Lyric Theme > Love > Commitment,Holding On,,,,,,
USHR11838861,Origin > Relevant Location > South America,Argentina,,,,,,
USHR11838861,Origin > Applicable Dates > Originally Released Date,*date*,,,,,,
USHR11838861,Performance > Voice > Lead Vocals,Female,,,,,,
USHR11838861,Performance > Voice > Lead Vocals,Male,,,,,,
USHR11838861,Performance > Voice > Vocal Arrangement,Alternating,,,,,,
USHR11838861,Performance > Voice > Background Vocals,Mixed Backgrounds,,,,,,
USHR11838861,Performance > Voice > Vocal Effect,Voice Effects,,,,,,
USHR11838861,Performance > Voice > Vocal Range > High Vocal Range,Mezzo-soprano Voice,,,,,,
USHR11838861,Performance > Voice > Vocal Range,High Vocal Range,,,,,,
USHR11838861,Performance > Voice > Vocal Range,Low Vocal Range,,,,,,
USHR11838861,Performance > Performer > Intensity,Medium,,,,,,
USHR11838861,Performance > Instrument,Drum Machine,,,,,,
USHR11838861,Performance > Instrument > Synthesizer > Synthesizer Part,Synth Bass,,,,,,
USHR11838861,Performance > Instrument > Synthesizer > Synthesizer Part,Synth Pad,,,,,,
USHR11838861,Performance > Instrument > Synthesizer > Synthesizer Part,Synth Lead,,,,,,
USHR11838861,Performance > Instrument > Synthesizer > Synthesizer Part,Synth FX,,,,,,
USHR11838861,Performance > Ensemble > Ensemble Timbre,Electronic/Synthetic,,,,,,
USHR11838861,Performance > Ensemble > Ensemble Section > Choir,No Choir,,,,,,
USHR11838861,Performance > Ensemble > Ensemble Section > Percussion,Has Percussion,,,,,,
USHR11838861,Performance > Ensemble > Ensemble Section > String Section,No Strings,,,,,,
USHR11838861,Performance > Ensemble > Ensemble Section > Wind Section,No Winds,,,,,,
USHR11838861,Application > Version,Studio Version,,,,,,
USHR11838861,Application > Version,Single Version,,,,,,
USHR11838861,Application > Playlist > Activity,Dating,,,,,,
USHR11838861,Application > Playlist > Activity,Karaoke/Sing-Along,,,,,,
USHR11838861,Application > Playlist > Mood,Romantic,,,,,,
USHR11838861,Application > Playlist > Mood,Soulful,,,,,,
USHR11838861,Anatomy > Rhythm & Time > BPM,*int*,,,,,,
USHR11838861,Anatomy > Rhythm & Time > Meter > Simple,4,,,,,,
USHR11838861,Anatomy > Rhythm & Time > Tempo > Persistent Pulse,Steady,,,,,,
USHR11838861,Anatomy > Rhythm & Time > Beat Placement,On The Beat,,,,,,
USHR11838861,Anatomy > Rhythm & Time > Rhythmic Feel,Simple Feel,,,,,,
USHR11838861,Anatomy > Structure > Form,Song Form,,,,,,
USHR11838861,Anatomy > Structure > Dynamic Shape,Steady,,,,,,
USHR11838861,Anatomy > Structure > Structural Complexity,Simple Structure,,,,,,
USHR11838861,Anatomy > Harmony > Root,D,,,,,,
USHR11838861,Anatomy > Harmony > Mode,Major,,,,,,
USHR11838861,Anatomy > Rhythm & Time > Tempo > Speed,Fast,,,,,,
USHR11838861,Anatomy > Arrangement,Voice & Music,,,,,,
USHR11838861,Genre,Latin,,,,,,
USHR11838861,Genre > Pop,Modern Pop,,,,,,
USHR11838861,Energy > Intensity > Medium,Medium-High Intensity,,,,,,
USHR11838861,Energy > Sound Color,Airy,,,,,,
USHR11838861,Energy > Sound Color,Warm,,,,,,
USHR11838861,Energy > Sound Color,Light,,,,,,
USHR11838861,Energy > Sound Color,Balanced,,,,,,
USHR11838861,Energy > Emotion > Positive,Uplifting,,,,,,
USHR11838861,Energy > Emotion > Positive,Romantic,,,,,,
USHR11838861,Energy > Emotion > Positive,Happy,,,,,,
USHR11838861,Energy > Emotion > Attitude,Sentimental,,,,,,
USHR11838861,Application > Playlist > Time > Decade,2010s,,,,,,
USHR11737936,Anatomy > Rhythm & Time > Meter > Simple,4,,,,,,
USHR11737936,Anatomy > Arrangement,Voice & Music,,,,,,
USHR11737936,Performance > Ensemble > Ensemble Timbre,Electronic/Synthetic,,,,,,
USHR11737936,Performance > Instrument,Drum Machine,,,,,,
USHR11737936,Anatomy > Rhythm & Time > Tempo > Speed,Slow,,,,,,
USHR11737936,Anatomy > Structure > Dynamic Shape,Dynamic,,,,,,
USHR11737936,Performance > Ensemble > Ensemble Section > String Section,No Strings,,,,,,
USHR11737936,Performance > Ensemble > Ensemble Section > Wind Section,No Winds,,,,,,
USHR11737936,Performance > Ensemble > Ensemble Section > Percussion,Has Percussion,,,,,,
USHR11737936,Performance > Ensemble > Ensemble Section > Choir,No Choir,,,,,,
USHR11737936,Anatomy > Rhythm & Time > Tempo > Persistent Pulse,Steady,,,,,,
USHR11737936,Performance > Voice > Vocal Range,High Vocal Range,,,,,,
USHR11737936,Energy > Intensity > Medium,Medium-High Intensity,,,,,,
USHR11737936,Application > Playlist > Time > Decade,2010s,,,,,,
USHR11737936,Application > Version,Studio Version,,,,,,
USHR11737936,Application > Version,Album Version,,,,,,
USHR11737936,Application > Playlist > Mood,Dark,,,,,,
USHR11737936,Application > Playlist > Mood,Rainy Day,,,,,,
USHR11737936,Application > Playlist > Mood,Low-Key,,,,,,
USHR11737936,Application > Playlist > Mood,Sad,,,,,,
USHR11737936,Application > Playlist > Activity,Break-up,,,,,,
USHR11737936,Application > Playlist > Activity,Hanging Out,,,,,,
USHR11737936,Genre > Pop,Modern Pop,,,,,,
USHR11737936,Energy > Emotion > Negative,Pained,,,,,,
USHR11737936,Energy > Emotion > Negative,Sad,,,,,,
USHR11737936,Energy > Emotion > Attitude,Dramatic,,,,,,
USHR11737936,Energy > Emotion > Attitude,Serious,,,,,,
USHR11737936,Energy > Emotion > Attitude,Dreamy,,,,,,
USHR11737936,Energy > Intensity > Medium,Medium-High Intensity,,,,,,
USHR11737936,Energy > Sound Color,Dark,,,,,,
USHR11737936,Energy > Sound Color,Airy,,,,,,
USHR11737936,Energy > Sound Color,Fluid,,,,,,
USHR11737936,Energy > Sound Color,Light,,,,,,
USHR11737936,Anatomy > Rhythm & Time > Meter > Simple,4,,,,,,
USHR11737936,Anatomy > Rhythm & Time > Tempo > Speed,Slow,,,,,,
USHR11737936,Anatomy > Rhythm & Time > Beat Placement,On The Beat,,,,,,
USHR11737936,Anatomy > Rhythm & Time > Rhythmic Feel,Simple Feel,,,,,,
USHR11737936,Anatomy > Structure > Form,Song Form,,,,,,
USHR11737936,Anatomy > Structure > Dynamic Shape,Dynamic,,,,,,
USHR11737936,Anatomy > Structure > Structural Complexity,Simple Structure,,,,,,
USHR11737936,Anatomy > Arrangement,Voice & Music,,,,,,
USHR11737936,Origin > Relevant Location > North America,United States,,,,,,
USHR11737936,Origin > Applicable Dates > Originally Released Date,*date*,,,,,,
USHR11737936,Performance > Voice > Vocal Range > High Vocal Range,Soprano Voice,,,,,,
USHR11737936,Performance > Voice > Vocal Range,High Vocal Range,,,,,,
USHR11737936,Performance > Voice > Vocal Effect,Voice Effects,,,,,,
USHR11737936,Performance > Voice > Lead Vocals,Female,,,,,,
USHR11737936,Performance > Performer > Intensity,Medium,,,,,,
USHR11737936,Performance > Instrument,Drum Machine,,,,,,
USHR11737936,Performance > Instrument > Synthesizer > Synthesizer Part,Synth Bass,,,,,,
USHR11737936,Performance > Instrument > Synthesizer > Synthesizer Part,Synth Pad,,,,,,
USHR11737936,Performance > Instrument > Instrument Effect,Filtering,,,,,,
USHR11737936,Performance > Instrument > Instrument Effect,Reverse,,,,,,
USHR11737936,Performance > Instrument > Instrument Effect,Delay,,,,,,
USHR11737936,Performance > Instrument > Instrument Effect,Compression,,,,,,
USHR11737936,Performance > Ensemble > Ensemble Timbre,Electronic/Synthetic,,,,,,
USHR11737936,Performance > Ensemble > Ensemble Section > Choir,No Choir,,,,,,
USHR11737936,Performance > Ensemble > Ensemble Section > Percussion,Has Percussion,,,,,,
USHR11737936,Performance > Ensemble > Ensemble Section > String Section,No Strings,,,,,,
USHR11737936,Performance > Ensemble > Ensemble Section > Wind Section,No Winds,,,,,,
USHR11737936,Anatomy > Rhythm & Time > Tempo > Persistent Pulse,Steady,,,,,,
USHR11737936,Lyrics > Lyric Language > Indo-European,English,,,,,,
USHR11737936,Lyrics > Lyric Theme > Love > Breakup,Lost,,,,,,
USHR11737936,Lyrics > Lyric Theme > Love > Pain,Heartache,,,,,,
USHR11737936,Lyrics > Lyric Theme > Love > Pain,Lies,,,,,,
USHR11737936,Lyrics > Lyric Theme > Love > Pain,Unfair,,,,,,
USHR11737936,Lyrics > Lyric Theme > Love > Pain,Risk,,,,,,
USHR11737936,Lyrics > Lyric Theme > Love > Obsession,Addicted To,,,,,,
USHR11737936,Lyrics > Lyric Theme > Conflict > Shame,Pain,,,,,,
USHR11737936,Lyrics > Lyric Theme > Conflict > Shame,Worry,,,,,,
USHR11737936,Lyrics > Lyric Theme > Conflict > Shame,Fragile,,,,,,
USHR11737936,Lyrics > Lyric Theme > Conflict > Shame,Afraid,,,,,,
USHR11737936,Lyrics > Lyric Theme > Conflict > Stress,Difficult,,,,,,
USHR11737936,Lyrics > Lyric Theme > Conflict > Stress,Burden,,,,,,
USHR11737936,Lyrics > Lyric Theme > Conflict > Stress,Danger,,,,,,
USHR11737936,Lyrics > Lyric Theme > Conflict > Stress,Trapped,,,,,,
USHR11737936,Anatomy > Rhythm & Time > BPM,*int*,,,,,,
USHR11737936,Anatomy > Harmony > Root,Gb/F#,,,,,,
USHR11737936,Anatomy > Harmony > Mode,Minor,,,,,,
USWD11785324,Genre,Classical,,,,,,
USWD11785324,Anatomy > Harmony > Root,D,,,,,,
USWD11785324,Anatomy > Harmony > Mode,Minor,,,,,,
USWD11785324,Anatomy > Rhythm & Time > Meter > Simple,4,,,,,,
USWD11785324,Anatomy > Arrangement,Instrumental,,,,,,
USWD11785324,Performance > Ensemble > Ensemble Size,Large Ensemble Size,,,,,,
USWD11785324,Performance > Ensemble > Ensemble Configuration,Orchestra,,,,,,
USWD11785324,Anatomy > Rhythm & Time > BPM,*int*,,,,,,
USWD11785324,Performance > Ensemble > Ensemble Section > String Section,Has Strings,,,,,,
USWD11785324,Anatomy > Structure > Dynamic Shape,Dynamic,,,,,,
USWD11785324,Performance > Instrument,Strings,,,,,,
USWD11785324,Performance > Ensemble > Ensemble Section > Wind Section,Has Winds,,,,,,
USWD11785324,Performance > Instrument,Wind,,,,,,
USWD11785324,Performance > Ensemble > Ensemble Section > Choir,No Choir,,,,,,
USWD11785324,Performance > Ensemble > Ensemble Timbre,Acoustic,,,,,,
USWD11785324,Anatomy > Rhythm & Time > Tempo > Speed,Medium,,,,,,
USWD11785324,Anatomy > Rhythm & Time > Tempo > Speed,Slow,,,,,,
USWD11785324,Anatomy > Rhythm & Time > Tempo,Changing Pulse,,,,,,
USWD11785324,Lyrics > Lyric Theme,None,,,,,,
USWD11785324,Anatomy > Rhythm & Time > Rhythmic Feel,Simple Feel,,,,,,
USWD11785324,Anatomy > Rhythm & Time > Meter > Simple,4,,,,,,
USWD11785324,Performance > Instrument > Strings,Bowed Strings,,,,,,
USWD11785324,Performance > Instrument,Strings,,,,,,
USWD11785324,Performance > Instrument > Percussion > Percussion Section,Orchestral Percussion,,,,,,
USWD11785324,Performance > Instrument > Wind,Brass,,,,,,
USWD11785324,Performance > Instrument,Wind,,,,,,
USWD11785324,Performance > Instrument > Wind,Reed,,,,,,
USWD11785324,Performance > Instrument > Wind,Wind,,,,,,
USWD11785324,Performance > Ensemble > Ensemble Configuration,Orchestra,,,,,,
USWD11785324,Performance > Ensemble > Ensemble Section > Choir,No Choir,,,,,,
USWD11785324,Performance > Ensemble > Ensemble Section > Percussion,Has Percussion,,,,,,
USWD11785324,Performance > Ensemble > Ensemble Section > String Section,Has Strings,,,,,,
USWD11785324,Performance > Ensemble > Ensemble Section > Wind Section,Has Winds,,,,,,
USWD11785324,Performance > Ensemble > Ensemble Timbre,Acoustic,,,,,,
USWD11785324,Performance > Ensemble > Ensemble Size,Large Ensemble Size,,,,,,
USWD11785324,Performance > Performer > Intensity,Light,,,,,,
USWD11785324,Performance > Voice > Lead Vocals,None,,,,,,
USWD11785324,Performance > Voice > Vocal Range,None,,,,,,
USWD11785324,Application > Version,Studio Version,,,,,,
USWD11785324,Application > Playlist > Theme,Soundtrack,,,,,,
USWD11785324,Application > Function > Media Music,Soundtrack,,,,,,
USWD11785324,Origin > Relevant Location > North America,United States,,,,,,
USWD11785324,Genre > Classical > 20th Century > Late 20th Century,Neo-Romantic,,,,,,
USWD11785324,Genre,Classical,,,,,,
USWD11785324,Lyrics > Lyric Language,None,,,,,,
USWD11785324,Energy > Emotion > Positive,Romantic,,,,,,
USWD11785324,Energy > Emotion > Positive,Sweet,,,,,,
USWD11785324,Energy > Emotion > Attitude,Cinematic,,,,,,
USWD11785324,Application > Playlist > Time > Decade,2000s,,,,,,
USWD11785324,Anatomy > Rhythm & Time > Tempo > Speed,Medium,,,,,,
USWD11785324,Anatomy > Rhythm & Time > Tempo > Speed,Slow,,,,,,
USWD11785324,Anatomy > Rhythm & Time > Tempo,Changing Pulse,,,,,,
USWD11785324,Anatomy > Rhythm & Time > BPM,*int*,,,,,,
USWD11785324,Anatomy > Rhythm & Time > Beat Placement,On The Beat,,,,,,
USWD11785324,Anatomy > Rhythm & Time > Rhythmic Feel,Rubato,,,,,,
USWD11785324,Anatomy > Structure > Form,Classical Form,,,,,,
USWD11785324,Anatomy > Structure > Dynamic Shape,Dynamic,,,,,,
USWD11785324,Anatomy > Structure > Structural Complexity,Simple Structure,,,,,,
USWD11785324,Anatomy > Arrangement,Instrumental,,,,,,
USWD11785324,Origin > Applicable Dates > Originally Released Date,*date*,,,,,,
USWD11785324,Anatomy > Harmony > Root,D,,,,,,
USWD11785324,Anatomy > Harmony > Mode,Minor,,,,,,
USWD11785324,Energy > Intensity > Medium,Medium Intensity,,,,,,
USWD11785324,Energy > Sound Color,Balanced,,,,,,
USWD11785324,Energy > Sound Color,Warm,,,,,,
USWD11785324,Energy > Sound Color,Full,,,,,,
USHR11738188,Genre > Rock,Metal,,,,,,
USHR11738188,Anatomy > Harmony > Mode,Major,,,,,,
USHR11738188,Anatomy > Rhythm & Time > Meter > Compound,6,,,,,,
USHR11738188,Anatomy > Arrangement,Voice & Music,,,,,,
USHR11738188,Energy > Emotion > Negative,Angry,,,,,,
USHR11738188,Performance > Ensemble > Ensemble Timbre,Electric,,,,,,
USHR11738188,Performance > Ensemble > Ensemble Configuration,Rock Band,,,,,,
USHR11738188,Performance > Instrument,Drum Set,,,,,,
USHR11738188,Performance > Performer > Intensity,Heavy,,,,,,
USHR11738188,Performance > Instrument > Guitar,Electric Guitar,,,,,,
USHR11738188,Performance > Ensemble > Ensemble Timbre,Electronic/Synthetic,,,,,,
USHR11738188,Energy > Intensity > High,Highest Intensity,,,,,,
USHR11738188,Anatomy > Rhythm & Time > BPM,*int*,,,,,,
USHR11738188,Anatomy > Structure > Dynamic Shape,Steady,,,,,,
USHR11738188,Performance > Ensemble > Ensemble Section > Percussion,Has Percussion,,,,,,
USHR11738188,Performance > Instrument,Percussion,,,,,,
USHR11738188,Performance > Ensemble > Ensemble Section > String Section,No Strings,,,,,,
USHR11738188,Performance > Ensemble > Ensemble Section > Wind Section,No Winds,,,,,,
USHR11738188,Performance > Ensemble > Ensemble Section > Choir,No Choir,,,,,,
USHR11738188,Anatomy > Rhythm & Time > Tempo > Persistent Pulse,Steady,,,,,,
USHR11738188,Performance > Voice > Vocal Range,Low Vocal Range,,,,,,
USHR11738188,Anatomy > Harmony > Root,C#/Db,,,,,,
USHR11738188,Lyrics > Lyric Theme > Conflict > Shame,Pain,,,,,,
USHR11738188,Lyrics > Lyric Theme > Conflict > Contempt,Angst,,,,,,
USHR11738188,Lyrics > Lyric Theme > Conflict > Contempt,Anger,,,,,,
USHR11738188,Lyrics > Lyric Theme > Conflict > Shame,Failure,,,,,,
USHR11738188,Lyrics > Lyric Theme > Conflict > Shame,Guilt,,,,,,
USHR11738188,Lyrics > Lyric Theme > Conflict > Shame,Insecure,,,,,,
USHR11738188,Lyrics > Lyric Theme > Conflict > Stress,Breakdown,,,,,,
USHR11738188,Lyrics > Lyric Theme > Conflict > Stress,Burden,,,,,,
USHR11738188,Lyrics > Lyric Theme > Conflict > Stress,Difficult,,,,,,
USHR11738188,Lyrics > Lyric Theme > Conflict > Stress,Problems,,,,,,
USHR11738188,Lyrics > Lyric Theme > Conflict > Stress,Trapped,,,,,,
USHR11738188,Lyrics > Lyric Language > Indo-European,English,,,,,,
USHR11738188,Application > Version,Studio Version,,,,,,
USHR11738188,Application > Playlist > Time > Decade,2010s,,,,,,
USHR11738188,Origin > Applicable Dates > Originally Released Date,*date*,,,,,,
USHR11738188,Energy > Emotion > Negative,Angry,,,,,,
USHR11738188,Energy > Emotion > Negative,Pained,,,,,,
USHR11738188,Energy > Emotion > Attitude,Dramatic,,,,,,
USHR11738188,Energy > Emotion > Attitude,Serious,,,,,,
USHR11738188,Energy > Intensity > High,Highest Intensity,,,,,,
USHR11738188,Energy > Sound Color,Dark,,,,,,
USHR11738188,Energy > Sound Color,Full,,,,,,
USHR11738188,Energy > Sound Color,Balanced,,,,,,
USHR11738188,Genre > Rock > Alternative Rock,Post Grunge,,,,,,
USHR11738188,Genre > Rock > Metal,Alt Metal,,,,,,
USHR11738188,Genre > Rock,Metal,,,,,,
USHR11738188,Origin > Relevant Location > North America,United States,,,,,,
USHR11738188,Anatomy > Rhythm & Time > Tempo > Persistent Pulse,Steady,,,,,,
USHR11738188,Anatomy > Rhythm & Time > BPM,*int*,,,,,,
USHR11738188,Performance > Voice > Lead Vocals,Male,,,,,,
USHR11738188,Performance > Voice > Vocal Range,Low Vocal Range,,,,,,
USHR11738188,Performance > Voice > Vocal Technique,Scream,,,,,,
USHR11738188,Anatomy > Rhythm & Time > Rhythmic Feel,Simple Feel,,,,,,
USHR11738188,Performance > Instrument > Guitar,Electric Guitar,,,,,,
USHR11738188,Performance > Instrument > Bass,Electric Bass Guitar,,,,,,
USHR11738188,Performance > Instrument,Drum Set,,,,,,
USHR11738188,Performance > Instrument > Drum Set,Sampled Drums,,,,,,
USHR11738188,Performance > Instrument > Synthesizer > Synthesizer Part,Synth FX,,,,,,
USHR11738188,Performance > Instrument,Percussion,,,,,,
USHR11738188,Performance > Instrument > Instrument Effect,Compression,,,,,,
USHR11738188,Performance > Instrument > Instrument Effect,Distortion,,,,,,
USHR11738188,Performance > Instrument > Instrument Effect,Reverb,,,,,,
USHR11738188,Anatomy > Structure > Dynamic Shape,Steady,,,,,,
USHR11738188,Performance > Ensemble > Ensemble Configuration,Rock Band,,,,,,
USHR11738188,Performance > Ensemble > Ensemble Section > Percussion,Has Percussion,,,,,,
USHR11738188,Performance > Ensemble > Ensemble Section > Choir,No Choir,,,,,,
USHR11738188,Performance > Ensemble > Ensemble Section > String Section,No Strings,,,,,,
USHR11738188,Performance > Ensemble > Ensemble Section > Wind Section,No Winds,,,,,,
USHR11738188,Performance > Ensemble > Ensemble Timbre,Electric,,,,,,
USHR11738188,Performance > Ensemble > Ensemble Timbre,Electronic/Synthetic,,,,,,
USHR11738188,Performance > Performer > Intensity,Heavy,,,,,,
USHR11738188,Energy > Sound Color,Metallic,,,,,,
USHR11738188,Energy > Sound Color,Harsh,,,,,,
USHR11738188,Anatomy > Rhythm & Time > Meter > Compound,6,,,,,,
USHR11738188,Anatomy > Rhythm & Time > Tempo > Speed,Medium,,,,,,
USHR11738188,Anatomy > Rhythm & Time > Beat Placement,On The Beat,,,,,,
USHR11738188,Anatomy > Rhythm & Time > Rhythmic Feel,Triple Feel,,,,,,
USHR11738188,Anatomy > Structure > Form,Song Form,,,,,,
USHR11738188,Anatomy > Structure > Structural Complexity,Simple Structure,,,,,,
USHR11738188,Anatomy > Harmony > Root,C#/Db,,,,,,
USHR11738188,Anatomy > Harmony > Mode,Major,,,,,,
USHR11738188,Anatomy > Arrangement,Voice & Music,,,,,,
USHR11738188,Performance > Voice > Background Vocals,Male Backgrounds,,,,,,
USWD10110093,Anatomy > Harmony > Mode,Major,,,,,,
USWD10110093,Anatomy > Rhythm & Time > Meter > Simple,4,,,,,,
USWD10110093,Anatomy > Harmony > Root,C,,,,,,
USWD10110093,Lyrics > Lyric Language > Indo-European,English,,,,,,
USWD10110093,Lyrics > Lyric Theme > Love > Temptation,Can't Resist,,,,,,
USWD10110093,Lyrics > Lyric Theme > Love > Romantic,Affection,,,,,,
USWD10110093,Lyrics > Lyric Theme > Love > Romantic,At First Sight,,,,,,
USWD10110093,Lyrics > Lyric Theme > Love > Romantic,Being In,,,,,,
USWD10110093,Lyrics > Lyric Theme > Love > Romantic,Falling In,,,,,,
USWD10110093,Lyrics > Lyric Theme > Love > Romantic,Romance,,,,,,
USWD10110093,Lyrics > Lyric Theme > Love > Obsession,Longing,,,,,,
USWD10110093,Lyrics > Lyric Theme > Love > Romantic,Kiss,,,,,,
USWD10110093,Application > Version,Studio Version,,,,,,
USWD10110093,Application > Playlist > Theme,Soundtrack,,,,,,
USWD10110093,Application > Function > Media Music,Soundtrack,,,,,,
USWD10110093,Performance > Voice > Vocal Range > Low Vocal Range,Baritone Voice,,,,,,
USWD10110093,Performance > Voice > Vocal Range,Low Vocal Range,,,,,,
USWD10110093,Performance > Voice > Lead Vocals,Male,,,,,,
USWD10110093,Performance > Voice > Background Vocals,Mixed Backgrounds,,,,,,
USWD10110093,Anatomy > Rhythm & Time > Meter > Simple,4,,,,,,
USWD10110093,Application > Playlist > Time > Decade,1980s,,,,,,
USWD10110093,Origin > Applicable Dates > Originally Released Date,*date*,,,,,,
USWD10110093,Energy > Emotion > Positive,Romantic,,,,,,
USWD10110093,Energy > Emotion > Positive,Sweet,,,,,,
USWD10110093,Energy > Emotion > Attitude,Lighthearted,,,,,,
USWD10110093,Energy > Emotion > Attitude,Sentimental,,,,,,
USWD10110093,Genre,Pop,,,,,,
USWD10110093,Genre > Traditional > Caribbean,Calypso,,,,,,
USWD10110093,Origin > Relevant Location > North America,United States,,,,,,
USWD10110093,Anatomy > Rhythm & Time > Tempo > Speed,Slow,,,,,,
USWD10110093,Anatomy > Rhythm & Time > Tempo > Persistent Pulse,Steady,,,,,,
USWD10110093,Anatomy > Rhythm & Time > BPM,*int*,,,,,,
USWD10110093,Anatomy > Rhythm & Time > Rhythmic Feel,Groovy Feel,,,,,,
USWD10110093,Anatomy > Rhythm & Time > Rhythmic Feel,Simple Feel,,,,,,
USWD10110093,Anatomy > Arrangement,Voice & Music,,,,,,
USWD10110093,Anatomy > Structure > Dynamic Shape,Dynamic,,,,,,
USWD10110093,Anatomy > Rhythm & Time > Tempo > Speed,Slow,,,,,,
USWD10110093,Anatomy > Rhythm & Time > Tempo > Persistent Pulse,Steady,,,,,,
USWD10110093,Performance > Voice > Vocal Range,Low Vocal Range,,,,,,
USWD10110093,Anatomy > Rhythm & Time > BPM,*int*,,,,,,
USWD10110093,Energy > Intensity > Medium,Medium Intensity,,,,,,
USWD10110093,Anatomy > Arrangement,Voice & Music,,,,,,
USWD10110093,Anatomy > Structure > Dynamic Shape,Dynamic,,,,,,
USWD10110093,Anatomy > Harmony > Mode,Major,,,,,,
USWD10110093,Anatomy > Harmony > Root,C,,,,,,
USWD10110093,Performance > Ensemble > Ensemble Section > Percussion,Has Percussion,,,,,,
USWD10110093,Performance > Instrument > Wind,Flute,,,,,,
USWD10110093,Performance > Instrument > Guitar,Electric Guitar,,,,,,
USWD10110093,Performance > Instrument > Bass,Upright Bass,,,,,,
USWD10110093,Performance > Instrument > Percussion > Pitched,Steel Drums,,,,,,
USWD10110093,Performance > Instrument > Synthesizer > Synthesizer Part,Synth Pad,,,,,,
USWD10110093,Performance > Instrument > Synthesizer > Synthesizer Part,Synth FX,,,,,,
USWD10110093,Performance > Instrument > Strings,Violin,,,,,,
USWD10110093,Performance > Instrument > Strings,Viola,,,,,,
USWD10110093,Performance > Instrument > Strings,Cello,,,,,,
USWD10110093,Performance > Instrument > Percussion > Percussion Section,Orchestral Percussion,,,,,,
USWD10110093,Performance > Ensemble > Ensemble Section > Choir,Has Choir,,,,,,
USWD10110093,Performance > Ensemble > Ensemble Section > String Section,Has Strings,,,,,,
USWD10110093,Performance > Ensemble > Ensemble Section > Wind Section,Has Winds,,,,,,
USWD10110093,Performance > Ensemble > Ensemble Configuration,Pop Band,,,,,,
USWD10110093,Performance > Ensemble > Ensemble Timbre,Electric,,,,,,
USWD10110093,Performance > Ensemble > Ensemble Timbre,Acoustic,,,,,,
USWD10110093,Performance > Ensemble > Ensemble Size,Large Ensemble Size,,,,,,
USWD10110093,Performance > Performer > Intensity,Light,,,,,,
USWD10110093,Performance > Voice > Vocal Ensemble > Choir,Mixed Choir,,,,,,
USHR11536621,Anatomy > Rhythm & Time > Meter > Simple,4,,,,,,
USHR11536621,Anatomy > Arrangement,Voice & Music,,,,,,
USHR11536621,Performance > Instrument,Drum Machine,,,,,,
USHR11536621,Performance > Instrument > Guitar,Electric Guitar,,,,,,
USHR11536621,Performance > Ensemble > Ensemble Timbre,Electronic/Synthetic,,,,,,
USHR11536621,Anatomy > Rhythm & Time > Tempo > Speed,Medium,,,,,,
USHR11536621,Anatomy > Rhythm & Time > BPM,*int*,,,,,,
USHR11536621,Application > Playlist > Time > Time Of Year/Season,Summer,,,,,,
USHR11536621,Anatomy > Structure > Dynamic Shape,Dynamic,,,,,,
USHR11536621,Performance > Ensemble > Ensemble Section > Percussion,Has Percussion,,,,,,
USHR11536621,Performance > Ensemble > Ensemble Section > String Section,No Strings,,,,,,
USHR11536621,Performance > Ensemble > Ensemble Section > Wind Section,No Winds,,,,,,
USHR11536621,Performance > Ensemble > Ensemble Section > Choir,No Choir,,,,,,
USHR11536621,Anatomy > Rhythm & Time > Tempo > Persistent Pulse,Steady,,,,,,
USHR11536621,Performance > Voice > Vocal Range,High Vocal Range,,,,,,
USHR11536621,Energy > Emotion > Positive,Uplifting,,,,,,
USHR11536621,Lyrics > Lyric Theme > Time > Season,Summer,,,,,,
USHR11536621,Origin > Applicable Dates > Originally Released Date,*date*,,,,,,
USHR11536621,Application > Playlist > Time > Decade,2010s,,,,,,
USHR11536621,Lyrics > Lyric Language > Indo-European,English,,,,,,
USHR11536621,Genre > Pop,Modern Pop,,,,,,
USHR11536621,Genre > Pop > Alternative Pop,Pop Rock,,,,,,
USHR11536621,Origin > Relevant Location > North America,United States,,,,,,
USHR11536621,Application > Version,Studio Version,,,,,,
USHR11536621,Application > Version,Single Version,,,,,,
USHR11536621,Anatomy > Rhythm & Time > BPM,*int*,,,,,,
USHR11536621,Performance > Voice > Lead Vocals,Female,,,,,,
USHR11536621,Performance > Voice > Vocal Effect,Voice Effects,,,,,,
USHR11536621,Performance > Voice > Vocal Range > High Vocal Range,Mezzo-soprano Voice,,,,,,
USHR11536621,Performance > Voice > Vocal Range,High Vocal Range,,,,,,
USHR11536621,Performance > Instrument,Drum Machine,,,,,,
USHR11536621,Performance > Instrument,Drum Set,,,,,,
USHR11536621,Performance > Instrument > Guitar,Electric Guitar,,,,,,
USHR11536621,Performance > Instrument > Synthesizer > Synthesizer Part,Synth Bass,,,,,,
USHR11536621,Performance > Instrument > Synthesizer > Synthesizer Part,Synth FX,,,,,,
USHR11536621,Performance > Instrument > Synthesizer > Synthesizer Part,Synth Pad,,,,,,
USHR11536621,Performance > Instrument > Instrument Effect,Reverb,,,,,,
USHR11536621,Performance > Instrument > Instrument Effect,Sampling,,,,,,
USHR11536621,Performance > Instrument > Instrument Effect,Compression,,,,,,
USHR11536621,Performance > Instrument > Instrument Effect,Filtering,,,,,,
USHR11536621,Anatomy > Rhythm & Time > Rhythmic Feel,Groovy Feel,,,,,,
USHR11536621,Anatomy > Rhythm & Time > Rhythmic Feel,Pulsating,,,,,,
USHR11536621,Anatomy > Rhythm & Time > Meter > Simple,4,,,,,,
USHR11536621,Anatomy > Rhythm & Time > Tempo > Persistent Pulse,Steady,,,,,,
USHR11536621,Anatomy > Rhythm & Time > Tempo > Speed,Medium,,,,,,
USHR11536621,Anatomy > Rhythm & Time > Beat Placement,On The Beat,,,,,,
USHR11536621,Anatomy > Structure > Form,Song Form,,,,,,
USHR11536621,Anatomy > Structure > Dynamic Shape,Dynamic,,,,,,
USHR11536621,Anatomy > Structure > Structural Complexity,Simple Structure,,,,,,
USHR11536621,Anatomy > Arrangement,Voice & Music,,,,,,
USHR11536621,Anatomy > Production,Reverberant,,,,,,
USHR11536621,Anatomy > Harmony > Root,C,,,,,,
USHR11536621,Anatomy > Harmony > Mode,Minor,,,,,,
USHR11536621,Energy > Emotion > Positive,Exciting,,,,,,
USHR11536621,Energy > Emotion > Positive,Happy,,,,,,
USHR11536621,Energy > Emotion > Positive,Uplifting,,,,,,
USHR11536621,Energy > Emotion > Attitude,Playful,,,,,,
USHR11536621,Energy > Emotion > Attitude,Anthemic,,,,,,
USHR11536621,Energy > Intensity > High,High Intensity,,,,,,
USHR11536621,Energy > Sound Color,Airy,,,,,,
USHR11536621,Energy > Sound Color,Full,,,,,,
USHR11536621,Energy > Sound Color,Bright,,,,,,
USHR11536621,Application > Playlist > Activity,Party,,,,,,
USHR11536621,Application > Playlist > Activity,Celebration,,,,,,
USHR11536621,Application > Playlist > Activity,Hanging Out,,,,,,
USHR11536621,Application > Playlist > Activity,Working Out,,,,,,
USHR11536621,Application > Playlist > Mood,Happy,,,,,,
USHR11536621,Application > Playlist > Mood,Confident,,,,,,
USHR11536621,Application > Playlist > Mood,Swagger,,,,,,
USHR11536621,Application > Playlist > Mood,Energized,,,,,,
USHR11536621,Application > Playlist > Mood,Feeling Good,,,,,,
USHR11536621,Performance > Ensemble > Ensemble Configuration,Pop Band,,,,,,
USHR11536621,Performance > Ensemble > Ensemble Section > Choir,No Choir,,,,,,
USHR11536621,Performance > Ensemble > Ensemble Section > Percussion,Has Percussion,,,,,,
USHR11536621,Performance > Ensemble > Ensemble Section > String Section,No Strings,,,,,,
USHR11536621,Performance > Ensemble > Ensemble Section > Wind Section,No Winds,,,,,,
USHR11536621,Performance > Ensemble > Ensemble Timbre,Electronic/Synthetic,,,,,,
USHR11536621,Performance > Performer > Intensity,Medium,,,,,,
USHR11536621,Performance > Voice,Background Vocals,,,,,,
USHR11536621,Lyrics > Lyric Theme > Love > Temptation,Flirt,,,,,,
USHR11536621,Lyrics > Lyric Theme > Love > Temptation,Need,,,,,,
USHR11536621,Lyrics > Lyric Theme > Love > Romantic,Young,,,,,,
USHR11536621,Lyrics > Lyric Theme > Love > Romantic,Falling In,,,,,,
USHR11536621,Lyrics > Lyric Theme > Love > Romantic,Crush,,,,,,
USHR11536621,Lyrics > Lyric Theme > Love > Romantic,We Should Be Together,,,,,,
USHR11536621,Lyrics > Lyric Theme > Love > Obsession,Infatuated,,,,,,
USHR11536621,Lyrics > Lyric Mood,Happy,,,,,,
ATB150800005,Anatomy > Rhythm & Time > Meter > Simple,4,,,,,,
ATB150800005,Anatomy > Harmony > Root,D,,,,,,
ATB150800005,Anatomy > Harmony > Mode,Major,,,,,,
ATB150800005,Performance > Instrument,Drum Machine,,,,,,
ATB150800005,Performance > Ensemble > Ensemble Timbre,Electronic/Synthetic,,,,,,
ATB150800005,Anatomy > Rhythm & Time > Tempo > Speed,Fast,,,,,,
ATB150800005,Anatomy > Rhythm & Time > BPM,*int*,,,,,,
ATB150800005,Anatomy > Structure > Dynamic Shape,Steady,,,,,,
ATB150800005,Performance > Ensemble > Ensemble Section > Percussion,Has Percussion,,,,,,
ATB150800005,Performance > Instrument,Percussion,,,,,,
ATB150800005,Performance > Ensemble > Ensemble Section > Wind Section,No Winds,,,,,,
ATB150800005,Performance > Ensemble > Ensemble Section > String Section,No Strings,,,,,,
ATB150800005,Performance > Ensemble > Ensemble Section > Choir,Has Choir,,,,,,
ATB150800005,Performance > Voice > Vocal Ensemble,Choir,,,,,,
ATB150800005,Anatomy > Rhythm & Time > Tempo > Persistent Pulse,Steady,,,,,,
ATB150800005,Application > Playlist > Time > Decade,1980s,,,,,,
ATB150800005,Lyrics > Lyric Language > Indo-European,German,,,,,,
ATB150800005,Lyrics > Lyric Theme > Love > Temptation,Player,,,,,,
ATB150800005,Lyrics > Lyric Theme > Conflict > Stress,Problems,,,,,,
ATB150800005,Lyrics > Lyric Theme > Objects,Fame,,,,,,
ATB150800005,Lyrics > Lyric Theme > Feelings > Confidence,Success,,,,,,
ATB150800005,Lyrics > Lyric Theme > Objects > Musical Instrument,Music,,,,,,
ATB150800005,Genre > Pop > Alternative Pop,New Wave,,,,,,
ATB150800005,Genre > Rock > Punk,Post-Punk,,,,,,
ATB150800005,Genre > Hip-Hop,Pop Rap,,,,,,
ATB150800005,Lyrics > Lyric Language > Indo-European,English,,,,,,
ATB150800005,Anatomy > Structure > Form,Song Form,,,,,,
ATB150800005,Anatomy > Structure > Dynamic Shape,Steady,,,,,,
ATB150800005,Anatomy > Rhythm & Time > Meter > Simple,4,,,,,,
ATB150800005,Anatomy > Rhythm & Time > Tempo > Speed,Fast,,,,,,
ATB150800005,Anatomy > Rhythm & Time > Tempo > Persistent Pulse,Steady,,,,,,
ATB150800005,Anatomy > Rhythm & Time > Beat Placement,On The Beat,,,,,,
ATB150800005,Anatomy > Rhythm & Time > Rhythmic Feel,Groovy Feel,,,,,,
ATB150800005,Anatomy > Rhythm & Time > Rhythmic Feel,Automated,,,,,,
ATB150800005,Anatomy > Arrangement,Voice & Music,,,,,,
ATB150800005,Application > Version,Studio Version,,,,,,
ATB150800005,Application > Version,Clean,,,,,,
ATB150800005,Application > Playlist > Mood,Swagger,,,,,,
ATB150800005,Application > Playlist > Mood,Energized,,,,,,
ATB150800005,Application > Playlist > Mood,Feeling Good,,,,,,
ATB150800005,Application > Playlist > Mood,Confident,,,,,,
ATB150800005,Application > Playlist > Activity,Party,,,,,,
ATB150800005,Application > Playlist > Activity,Karaoke/Sing-Along,,,,,,
ATB150800005,Application > Playlist > Activity,Road Trip,,,,,,
ATB150800005,Performance > Voice > Vocal Range,Low Vocal Range,,,,,,
ATB150800005,Performance > Voice > Vocal Effect,Voice Effects,,,,,,
ATB150800005,Performance > Voice > Vocal Technique,Rap,,,,,,
ATB150800005,Performance > Voice > Vocal Ensemble,Choir,,,,,,
ATB150800005,Performance > Voice > Lead Vocals,Male,,,,,,
ATB150800005,Performance > Voice > Background Vocals,Male Backgrounds,,,,,,
ATB150800005,Performance > Performer > Intensity,Medium,,,,,,
ATB150800005,Performance > Instrument,Percussion,,,,,,
ATB150800005,Performance > Instrument,Drum Machine,,,,,,
ATB150800005,Performance > Instrument > Synthesizer > Synthesizer Part,Synth Bass,,,,,,
ATB150800005,Performance > Instrument > Synthesizer > Synthesizer Part,Synth Lead,,,,,,
ATB150800005,Performance > Instrument > Synthesizer > Synthesizer Part,Synth Pad,,,,,,
ATB150800005,Performance > Instrument > Synthesizer > Synthesizer Part,Synth FX,,,,,,
ATB150800005,Performance > Instrument > Synthesizer > Synthesizer Type,Yamaha DX7,,,,,,
ATB150800005,Performance > Ensemble > Ensemble Timbre,Electronic/Synthetic,,,,,,
ATB150800005,Performance > Ensemble > Ensemble Section > Wind Section,No Winds,,,,,,
ATB150800005,Performance > Ensemble > Ensemble Section > String Section,No Strings,,,,,,
ATB150800005,Performance > Ensemble > Ensemble Section > Percussion,Has Percussion,,,,,,
ATB150800005,Performance > Ensemble > Ensemble Section > Choir,Has Choir,,,,,,
ATB150800005,Performance > Instrument > Synthesizer > Synthesizer Part,Synth Strings,,,,,,
ATB150800005,Anatomy > Harmony > Root,D,,,,,,
ATB150800005,Anatomy > Harmony > Mode,Major,,,,,,
ATB150800005,Energy > Emotion > Attitude,Dramatic,,,,,,
ATB150800005,Energy > Emotion > Attitude,Anthemic,,,,,,
ATB150800005,Energy > Emotion > Attitude,Quirky,,,,,,
ATB150800005,Energy > Emotion > Positive,Exciting,,,,,,
ATB150800005,Energy > Intensity > High,High Intensity,,,,,,
ATB150800005,Energy > Intensity > Medium,Medium-High Intensity,,,,,,
ATB150800005,Energy > Intensity > Medium,Medium-Low Intensity,,,,,,
ATB150800005,Energy > Sound Color,Mechanical,,,,,,
ATB150800005,Energy > Sound Color,Harsh,,,,,,
ATB150800005,Energy > Sound Color,Crisp,,,,,,
ATB150800005,Energy > Sound Color,Dark,,,,,,
ATB150800005,Anatomy > Structure > Structural Complexity,Simple Structure,,,,,,
ATB150800005,Anatomy > Rhythm & Time > BPM,*int*,,,,,,
ATB150800005,Origin > Relevant Location > Europe,Germany,,,,,,
ATB150800005,Origin > Applicable Dates > Originally Released Date,*date*,,,,,,
USWD10110151,Anatomy > Harmony > Mode,Major,,,,,,
USWD10110151,Anatomy > Rhythm & Time > BPM,*int*,,,,,,
USWD10110151,Anatomy > Arrangement,Voice & Music,,,,,,
USWD10110151,Performance > Ensemble > Ensemble Timbre,Electric,,,,,,
USWD10110151,Performance > Instrument,Drum Set,,,,,,
USWD10110151,Anatomy > Rhythm & Time > Tempo,Changing Pulse,,,,,,
USWD10110151,Performance > Ensemble > Ensemble Section > Choir,No Choir,,,,,,
USWD10110151,Performance > Voice > Vocal Range,Low Vocal Range,,,,,,
USWD10110151,Performance > Instrument > Guitar,Electric Guitar,,,,,,
USWD10110151,Performance > Instrument,Synthesizer,,,,,,
USWD10110151,Performance > Instrument > Synthesizer > Synthesizer Part,Synth Lead,,,,,,
USWD10110151,Performance > Instrument > Synthesizer > Synthesizer Part,Synth Pad,,,,,,
USWD10110151,Performance > Instrument,Drum Set,,,,,,
USWD10110151,Performance > Voice > Vocal Arrangement,Double,,,,,,
USWD10110151,Performance > Voice > Vocal Range,Low Vocal Range,,,,,,
USWD10110151,Performance > Voice > Vocal Range > Low Vocal Range,Tenor Voice,,,,,,
USWD10110151,Performance > Voice > Lead Vocals,Male,,,,,,
USWD10110151,Performance > Voice > Vocal Effect,Voice Effects,,,,,,
USWD10110151,Performance > Voice > Background Vocals,Male Backgrounds,,,,,,
USWD10110151,Performance > Performer > Intensity,Medium,,,,,,
USWD10110151,Performance > Ensemble > Ensemble Timbre,Electric,,,,,,
USWD10110151,Performance > Ensemble > Ensemble Section > Wind Section,No Winds,,,,,,
USWD10110151,Performance > Ensemble > Ensemble Section > Percussion,Has Percussion,,,,,,
USWD10110151,Performance > Ensemble > Ensemble Section > Choir,No Choir,,,,,,
USWD10110151,Anatomy > Arrangement,Voice & Music,,,,,,
USWD10110151,Performance > Ensemble > Ensemble Configuration,Pop Band,,,,,,
USWD10110151,Performance > Ensemble > Ensemble Configuration,Rock Band,,,,,,
USWD10110151,Anatomy > Rhythm & Time > Tempo,Changing Pulse,,,,,,
USWD10110151,Anatomy > Rhythm & Time > Tempo > Persistent Pulse,Alternating,,,,,,
USWD10110151,Anatomy > Rhythm & Time > Tempo > Speed,Medium Fast,,,,,,
USWD10110151,Anatomy > Rhythm & Time > Tempo > Speed,Medium Slow,,,,,,
USWD10110151,Anatomy > Rhythm & Time > Meter > Simple,4,,,,,,
USWD10110151,Energy > Emotion > Attitude,Anthemic,,,,,,
USWD10110151,Energy > Emotion > Attitude,Dramatic,,,,,,
USWD10110151,Energy > Emotion > Attitude,Sentimental,,,,,,
USWD10110151,Energy > Intensity > High,High Intensity,,,,,,
USWD10110151,Energy > Intensity > Medium,Medium-High Intensity,,,,,,
USWD10110151,Energy > Sound Color,Full,,,,,,
USWD10110151,Energy > Sound Color,Warm,,,,,,
USWD10110151,Energy > Sound Color,Bright,,,,,,
USWD10110151,Energy > Sound Color,Crisp,,,,,,
USWD10110151,Application > Version,Studio Version,,,,,,
USWD10110151,Application > Function > Media Music,Soundtrack,,,,,,
USWD10110151,Application > Playlist > Mood,Empowered,,,,,,
USWD10110151,Application > Playlist > Mood,Confident,,,,,,
USWD10110151,Application > Playlist > Activity,Karaoke/Sing-Along,,,,,,
USWD10110151,Performance > Instrument > Guitar,Acoustic Guitar,,,,,,
USWD10110151,Performance > Instrument,Strings,,,,,,
USWD10110151,Performance > Instrument > Guitar > Electric Guitar,Pedal Steel Guitar,,,,,,
USWD10110151,Performance > Ensemble > Ensemble Section > String Section,Has Strings,,,,,,
USWD10110151,Anatomy > Harmony > Root,Bb/A#,,,,,,
USWD10110151,Anatomy > Harmony > Mode,Major,,,,,,
USWD10110151,Anatomy > Structure > Dynamic Shape,Dynamic,,,,,,
USWD10110151,Anatomy > Structure > Structural Complexity,Simple Structure,,,,,,
USWD10110151,Anatomy > Rhythm & Time > Rhythmic Feel,Simple Feel,,,,,,
USWD10110151,Anatomy > Rhythm & Time > Rhythmic Feel,Groovy Feel,,,,,,
USWD10110151,Anatomy > Rhythm & Time > Beat Placement,On The Beat,,,,,,
USWD10110151,Genre,Rock,,,,,,
USWD10110151,Lyrics > Lyric Theme > Feelings > Happiness,Excited,,,,,,
USWD10110151,Lyrics > Lyric Theme > Feelings > Intention,Desire,,,,,,
USWD10110151,Lyrics > Lyric Theme > Feelings > Intention,Explore,,,,,,
USWD10110151,Lyrics > Lyric Theme > Feelings > Intention,Innocence,,,,,,
USWD10110151,Lyrics > Lyric Theme > Feelings > Intention,Inspiration,,,,,,
USWD10110151,Lyrics > Lyric Theme > Feelings > Confidence,Empowered,,,,,,
USWD10110151,Lyrics > Lyric Theme > Feelings > Confidence,Determination,,,,,,
USWD10110151,Lyrics > Lyric Theme > Feelings > Confidence,Ambition,,,,,,
USWD10110151,Energy > Emotion > Positive,Sweet,,,,,,
USWD10110151,Energy > Emotion > Positive,Uplifting,,,,,,
USWD10110151,Performance > Ensemble > Ensemble Section > Wind Section,No Winds,,,,,,
USWD10110151,Performance > Instrument > Guitar,Electric Guitar,,,,,,
USWD10110151,Energy > Emotion > Attitude,Epic,,,,,,
USWD10110151,Anatomy > Rhythm & Time > BPM,*int*,,,,,,
USWD10110151,Origin > Relevant Location > Europe,Great Britain,,,,,,
USWD10110151,Lyrics > Lyric Language > Indo-European,English,,,,,,
USWD10110151,Origin > Applicable Dates > Originally Released Date,*date*,,,,,,
USWD10110151,Application > Playlist > Time > Decade,1990s,,,,,,
USHR11838412,Anatomy > Rhythm & Time > Meter > Simple,4,,,,,,
USHR11838412,Anatomy > Arrangement,Voice & Music,,,,,,
USHR11838412,Performance > Ensemble > Ensemble Timbre,Electronic/Synthetic,,,,,,
USHR11838412,Performance > Instrument,Drum Machine,,,,,,
USHR11838412,Anatomy > Rhythm & Time > Tempo > Speed,Medium,,,,,,
USHR11838412,Anatomy > Rhythm & Time > BPM,*int*,,,,,,
USHR11838412,Anatomy > Structure > Dynamic Shape,Steady,,,,,,
USHR11838412,Performance > Ensemble > Ensemble Section > Percussion,Has Percussion,,,,,,
USHR11838412,Performance > Instrument,Percussion,,,,,,
USHR11838412,Performance > Ensemble > Ensemble Section > String Section,No Strings,,,,,,
USHR11838412,Performance > Ensemble > Ensemble Section > Wind Section,No Winds,,,,,,
USHR11838412,Performance > Ensemble > Ensemble Section > Choir,No Choir,,,,,,
USHR11838412,Anatomy > Rhythm & Time > Tempo > Persistent Pulse,Steady,,,,,,
USHR11838412,Performance > Voice > Vocal Range,Low Vocal Range,,,,,,
USHR11838412,Energy > Intensity > Medium,Medium-High Intensity,,,,,,
USHR11838412,Energy > Emotion > Positive,Uplifting,,,,,,
USHR11838412,Lyrics > Lyric Language > Indo-European,English,,,,,,
USHR11838412,Lyrics > Lyric Theme > Spiritual > Place,Church,,,,,,
USHR11838412,Lyrics > Lyric Theme > Conflict > Stress,Burden,,,,,,
USHR11838412,Lyrics > Lyric Theme > Conflict > Stress,Problems,,,,,,
USHR11838412,Lyrics > Lyric Theme > Conflict > Shame,Identity Crisis,,,,,,
USHR11838412,Lyrics > Lyric Theme > Conflict > Shame,Insecure,,,,,,
USHR11838412,Lyrics > Lyric Theme > Conflict > Shame,Anxious,,,,,,
USHR11838412,Lyrics > Lyric Theme > Conflict > Shame,Lost,,,,,,
USHR11838412,Application > Version,Studio Version,,,,,,
USHR11838412,Application > Playlist > Time > Decade,2010s,,,,,,
USHR11838412,Origin > Applicable Dates > Originally Released Date,*date*,,,,,,
USHR11838412,Genre > Pop > Alternative Pop,Pop Rock,,,,,,
USHR11838412,Genre > Pop,Modern Pop,,,,,,
USHR11838412,Genre > Pop > Alternative Pop,Indie Pop,,,,,,
USHR11838412,Origin > Relevant Location > North America,United States,,,,,,
USHR11838412,Anatomy > Rhythm & Time > BPM,*int*,,,,,,
USHR11838412,Performance > Voice > Lead Vocals,Male,,,,,,
USHR11838412,Performance > Voice > Vocal Range > Low Vocal Range,Tenor Voice,,,,,,
USHR11838412,Performance > Voice > Vocal Range,Low Vocal Range,,,,,,
USHR11838412,Anatomy > Rhythm & Time > Rhythmic Feel,Simple Feel,,,,,,
USHR11838412,Anatomy > Rhythm & Time > Meter > Simple,4,,,,,,
USHR11838412,Anatomy > Rhythm & Time > Tempo > Speed,Medium,,,,,,
USHR11838412,Anatomy > Rhythm & Time > Tempo > Persistent Pulse,Steady,,,,,,
USHR11838412,Anatomy > Rhythm & Time > Beat Placement,On The Beat,,,,,,
USHR11838412,Anatomy > Structure > Form,Song Form,,,,,,
USHR11838412,Anatomy > Structure > Dynamic Shape,Steady,,,,,,
USHR11838412,Anatomy > Structure > Structural Complexity,Simple Structure,,,,,,
USHR11838412,Anatomy > Harmony > Root,C#/Db,,,,,,
USHR11838412,Anatomy > Harmony > Mode,Major,,,,,,
USHR11838412,Anatomy > Arrangement,Voice & Music,,,,,,
USHR11838412,Energy > Intensity > Medium,Medium-High Intensity,,,,,,
USHR11838412,Energy > Emotion > Positive,Uplifting,,,,,,
USHR11838412,Energy > Emotion > Positive,Exciting,,,,,,
USHR11838412,Energy > Sound Color,Bright,,,,,,
USHR11838412,Energy > Sound Color,Full,,,,,,
USHR11838412,Performance > Ensemble > Ensemble Configuration,Pop Band,,,,,,
USHR11838412,Performance > Ensemble > Ensemble Section > Choir,No Choir,,,,,,
USHR11838412,Performance > Ensemble > Ensemble Section > Percussion,Has Percussion,,,,,,
USHR11838412,Performance > Ensemble > Ensemble Section > String Section,No Strings,,,,,,
USHR11838412,Performance > Ensemble > Ensemble Section > Wind Section,No Winds,,,,,,
USHR11838412,Performance > Ensemble > Ensemble Timbre,Electronic/Synthetic,,,,,,
USHR11838412,Performance > Instrument,Drum Machine,,,,,,
USHR11838412,Performance > Instrument > Drum Set,Sampled Drums,,,,,,
USHR11838412,Performance > Instrument,Piano,,,,,,
USHR11838412,Performance > Instrument > Synthesizer > Synthesizer Part,Synth Bass,,,,,,
USHR11838412,Performance > Instrument > Synthesizer > Synthesizer Part,Synth FX,,,,,,
USHR11838412,Performance > Instrument > Synthesizer > Synthesizer Part,Synth Pad,,,,,,
USHR11838412,Performance > Instrument > Guitar,Electric Guitar,,,,,,
USHR11838412,Performance > Instrument > Percussion > Unpitched,Tambourine,,,,,,
USHR11838412,Performance > Instrument,Percussion,,,,,,
USHR11838412,Performance > Instrument > Instrument Effect,Sampling,,,,,,
USHR11838412,Performance > Instrument > Instrument Effect,Reverb,,,,,,
USHR11838412,Performance > Instrument > Instrument Effect,Compression,,,,,,
USHR11838412,Performance > Performer > Intensity,Medium,,,,,,
USHR11838412,Performance > Voice > Background Vocals,Male Backgrounds,,,,,,
USWD10220442,Anatomy > Harmony > Mode,Major,,,,,,
USWD10220442,Anatomy > Rhythm & Time > Tempo,Changing Pulse,,,,,,
USWD10220442,Anatomy > Harmony > Root,C,,,,,,
USWD10220442,Anatomy > Harmony > Root,C,,,,,,
USWD10220442,Anatomy > Harmony > Mode,Major,,,,,,
USWD10220442,Anatomy > Rhythm & Time > Beat Placement,On The Beat,,,,,,
USWD10220442,Anatomy > Rhythm & Time > Rhythmic Feel,Simple Feel,,,,,,
USWD10220442,Anatomy > Structure > Dynamic Shape,Dynamic,,,,,,
USWD10220442,Anatomy > Structure > Structural Complexity,Simple Structure,,,,,,
USWD10220442,Application > Version,Studio Version,,,,,,
USWD10220442,Application > Function > Media Music,Soundtrack,,,,,,
USWD10220442,Application > Playlist > Mood,Anticipation,,,,,,
USWD10220442,Application > Playlist > Mood,Empowered,,,,,,
USWD10220442,Application > Playlist > Activity,Karaoke/Sing-Along,,,,,,
USWD10220442,Energy > Sound Color,Smooth,,,,,,
USWD10220442,Energy > Sound Color,Soft,,,,,,
USWD10220442,Energy > Sound Color,Bright,,,,,,
USWD10220442,Energy > Sound Color,Airy,,,,,,
USWD10220442,Energy > Sound Color,Warm,,,,,,
USWD10220442,Energy > Intensity > Medium,Medium-High Intensity,,,,,,
USWD10220442,Energy > Emotion > Attitude,Dreamy,,,,,,
USWD10220442,Energy > Emotion > Attitude,Sentimental,,,,,,
USWD10220442,Performance > Ensemble > Ensemble Configuration,Orchestra,,,,,,
USWD10220442,Anatomy > Arrangement,Voice & Music,,,,,,
USWD10220442,Performance > Ensemble > Ensemble Size,Large Ensemble Size,,,,,,
USWD10220442,Performance > Ensemble > Ensemble Section > Choir,No Choir,,,,,,
USWD10220442,Performance > Ensemble > Ensemble Section > Percussion,Has Percussion,,,,,,
USWD10220442,Performance > Ensemble > Ensemble Section > String Section,Has Strings,,,,,,
USWD10220442,Performance > Ensemble > Ensemble Section > Wind Section,Has Winds,,,,,,
USWD10220442,Performance > Ensemble > Ensemble Timbre,Acoustic,,,,,,
USWD10220442,Performance > Instrument,Wind,,,,,,
USWD10220442,Performance > Instrument > Wind,Brass,,,,,,
USWD10220442,Performance > Instrument > Wind,Reed,,,,,,
USWD10220442,Performance > Instrument > Wind,Wind,,,,,,
USWD10220442,Performance > Instrument,Strings,,,,,,
USWD10220442,Performance > Instrument,Percussion,,,,,,
USWD10220442,Performance > Instrument > Percussion > Percussion Section,Orchestral Percussion,,,,,,
USWD10220442,Genre,Classical,,,,,,
USWD10220442,Anatomy > Rhythm & Time > Tempo,Changing Pulse,,,,,,
USWD10220442,Anatomy > Rhythm & Time > Tempo > Changing Pulse,Fluctuating,,,,,,
USWD10220442,Anatomy > Rhythm & Time > Tempo > Speed,Slow,,,,,,
USWD10220442,Anatomy > Rhythm & Time > Meter,Simple,,,,,,
USWD10220442,Anatomy > Rhythm & Time > Meter > Simple,3,,,,,,
USWD10220442,Performance > Voice > Vocal Range,High Vocal Range,,,,,,
USWD10220442,Performance > Voice > Vocal Range > High Vocal Range,Soprano Voice,,,,,,
USWD10220442,Performance > Voice > Lead Vocals,Female,,,,,,
USWD10220442,Lyrics > Lyric Theme > Feelings > Happiness,Excited,,,,,,
USWD10220442,Lyrics > Lyric Theme > Feelings > Intention,Explore,,,,,,
USWD10220442,Lyrics > Lyric Theme > Feelings > Intention,Crave,,,,,,
USWD10220442,Lyrics > Lyric Theme > Feelings > Intention,Choices,,,,,,
USWD10220442,Lyrics > Lyric Theme > Feelings > Confidence,Determination,,,,,,
USWD10220442,Lyrics > Lyric Theme > Feelings > Confidence,Ambition,,,,,,
USWD10220442,Lyrics > Lyric Theme > Feelings > Confidence,Individuality,,,,,,
USWD10220442,Energy > Intensity > Low,Low Intensity,,,,,,
USWD10220442,Energy > Emotion > Positive,Uplifting,,,,,,
USWD10220442,Energy > Emotion > Positive,Romantic,,,,,,
USWD10220442,Anatomy > Arrangement,Voice & Music,,,,,,
USWD10220442,Anatomy > Structure > Dynamic Shape,Dynamic,,,,,,
USWD10220442,Energy > Emotion > Positive,Romantic,,,,,,
USWD10220442,Performance > Ensemble > Ensemble Section > String Section,Has Strings,,,,,,
USWD10220442,Performance > Instrument,Strings,,,,,,
USWD10220442,Performance > Ensemble > Ensemble Timbre,Acoustic,,,,,,
USWD10220442,Anatomy > Rhythm & Time > Tempo > Speed,Slow,,,,,,
USWD10220442,Performance > Voice > Vocal Range,High Vocal Range,,,,,,
USWD10220442,Anatomy > Rhythm & Time > BPM,*int*,,,,,,
USWD10220442,Anatomy > Rhythm & Time > BPM,*int*,,,,,,
USWD10220442,Application > Playlist > Time > Decade,1990s,,,,,,
USWD10220442,Lyrics > Lyric Language > Indo-European,English,,,,,,
USWD10220442,Origin > Applicable Dates > Originally Released Date,*date*,,,,,,
USWD10220442,Origin > Relevant Location > North America,United States,,,,,,
USHR11334762,Anatomy > Rhythm & Time > Meter > Simple,4,,,,,,
USHR11334762,Anatomy > Harmony > Mode,Major,,,,,,
USHR11334762,Anatomy > Arrangement,Voice & Music,,,,,,
USHR11334762,Performance > Instrument,Drum Machine,,,,,,
USHR11334762,Performance > Ensemble > Ensemble Timbre,Electronic/Synthetic,,,,,,
USHR11334762,Anatomy > Rhythm & Time > BPM,*int*,,,,,,
USHR11334762,Anatomy > Structure > Dynamic Shape,Dynamic,,,,,,
USHR11334762,Performance > Ensemble > Ensemble Section > Percussion,Has Percussion,,,,,,
USHR11334762,Performance > Instrument,Percussion,,,,,,
USHR11334762,Performance > Ensemble > Ensemble Section > String Section,No Strings,,,,,,
USHR11334762,Performance > Ensemble > Ensemble Section > Wind Section,No Winds,,,,,,
USHR11334762,Performance > Ensemble > Ensemble Section > Choir,No Choir,,,,,,
USHR11334762,Anatomy > Rhythm & Time > Tempo > Persistent Pulse,Steady,,,,,,
USHR11334762,Performance > Voice > Vocal Range,High Vocal Range,,,,,,
USHR11334762,Anatomy > Harmony > Root,D,,,,,,
USHR11334762,Genre > Electronic > Experimental Electronic,Glitch,,,,,,
USHR11334762,Genre > R&B > Contemporary R&B,Alternative R&B,,,,,,
USHR11334762,Genre > R&B > Contemporary R&B,Modern R&B,,,,,,
USHR11334762,Application > Playlist > Time > Decade,2010s,,,,,,
USHR11334762,Origin > Applicable Dates > Originally Released Date,*date*,,,,,,
USHR11334762,Lyrics > Lyric Language > Indo-European,English,,,,,,
USHR11334762,Origin > Relevant Location > North America,United States,,,,,,
USHR11334762,Application > Version,Studio Version,,,,,,
USHR11334762,Application > Version,Single Version,,,,,,
USHR11334762,Performance > Voice > Lead Vocals,Female,,,,,,
USHR11334762,Performance > Voice > Vocal Range > High Vocal Range,Mezzo-soprano Voice,,,,,,
USHR11334762,Performance > Voice > Vocal Range,High Vocal Range,,,,,,
USHR11334762,Anatomy > Rhythm & Time > Rhythmic Feel,Pulsating,,,,,,
USHR11334762,Anatomy > Rhythm & Time > Rhythmic Feel,Groovy Feel,,,,,,
USHR11334762,Genre > Pop,Modern Pop,,,,,,
USHR11334762,Lyrics > Lyric Theme > Objects > Musical Instrument,Music,,,,,,
USHR11334762,Lyrics > Lyric Theme > Love > Romantic,Affection,,,,,,
USHR11334762,Lyrics > Lyric Theme > Love > Romantic,Being In,,,,,,
USHR11334762,Lyrics > Lyric Theme > Love > Romantic,Romance,,,,,,
USHR11334762,Lyrics > Lyric Theme > Love > Obsession,Infatuated,,,,,,
USHR11334762,Energy > Emotion > Positive,Romantic,,,,,,
USHR11334762,Energy > Emotion > Positive,Exciting,,,,,,
USHR11334762,Energy > Emotion > Attitude,Quirky,,,,,,
USHR11334762,Energy > Emotion > Attitude,Dreamy,,,,,,
USHR11334762,Energy > Intensity > Medium,Medium-High Intensity,,,,,,
USHR11334762,Energy > Sound Color,Full,,,,,,
USHR11334762,Energy > Sound Color,Balanced,,,,,,
USHR11334762,Energy > Sound Color,Fluid,,,,,,
USHR11334762,Anatomy > Rhythm & Time > BPM,*int*,,,,,,
USHR11334762,Anatomy > Rhythm & Time > Meter > Simple,4,,,,,,
USHR11334762,Anatomy > Rhythm & Time > Tempo > Speed,Medium Fast,,,,,,
USHR11334762,Anatomy > Rhythm & Time > Tempo > Persistent Pulse,Steady,,,,,,
USHR11334762,Anatomy > Rhythm & Time > Beat Placement,On The Beat,,,,,,
USHR11334762,Anatomy > Structure > Form,Song Form,,,,,,
USHR11334762,Anatomy > Structure > Dynamic Shape,Dynamic,,,,,,
USHR11334762,Anatomy > Structure > Structural Complexity,Simple Structure,,,,,,
USHR11334762,Anatomy > Harmony > Mode,Major,,,,,,
USHR11334762,Anatomy > Harmony > Root,D,,,,,,
USHR11334762,Anatomy > Production,Reverberant,,,,,,
USHR11334762,Anatomy > Arrangement,Voice & Music,,,,,,
USHR11334762,Application > Playlist > Activity,Party,,,,,,
USHR11334762,Application > Playlist > Activity,Dating,,,,,,
USHR11334762,Application > Playlist > Activity,Hanging Out,,,,,,
USHR11334762,Application > Playlist > Activity,Karaoke/Sing-Along,,,,,,
USHR11334762,Application > Playlist > Mood,Romantic,,,,,,
USHR11334762,Application > Playlist > Mood,Feeling Good,,,,,,
USHR11334762,Application > Playlist > Mood,Confident,,,,,,
USHR11334762,Performance > Ensemble > Ensemble Section > Choir,No Choir,,,,,,
USHR11334762,Performance > Ensemble > Ensemble Section > Percussion,Has Percussion,,,,,,
USHR11334762,Performance > Ensemble > Ensemble Section > String Section,No Strings,,,,,,
USHR11334762,Performance > Ensemble > Ensemble Section > Wind Section,No Winds,,,,,,
USHR11334762,Performance > Ensemble > Ensemble Timbre,Electronic/Synthetic,,,,,,
USHR11334762,Performance > Instrument,Drum Machine,,,,,,
USHR11334762,Performance > Instrument > Synthesizer > Synthesizer Part,Synth Bass,,,,,,
USHR11334762,Performance > Instrument > Synthesizer > Synthesizer Part,Synth FX,,,,,,
USHR11334762,Performance > Instrument > Synthesizer > Synthesizer Part,Synth Pad,,,,,,
USHR11334762,Performance > Performer > Intensity,Medium,,,,,,
USWD11890242,Anatomy > Arrangement,Voice & Music,,,,,,
USWD11890242,Anatomy > Structure > Dynamic Shape,Steady,,,,,,
USWD11890242,Performance > Ensemble > Ensemble Section > Percussion,Has Percussion,,,,,,
USWD11890242,Performance > Ensemble > Ensemble Section > String Section,No Strings,,,,,,
USWD11890242,Performance > Ensemble > Ensemble Section > Choir,No Choir,,,,,,
USWD11890242,Performance > Ensemble > Ensemble Timbre,Electronic/Synthetic,,,,,,
USWD11890242,Performance > Instrument,Drum Machine,,,,,,
USWD11890242,Anatomy > Rhythm & Time > Tempo > Speed,Fast,,,,,,
USWD11890242,Performance > Voice > Vocal Range,Low Vocal Range,,,,,,
USWD11890242,Anatomy > Harmony > Mode,Major,,,,,,
USWD11890242,Anatomy > Rhythm & Time > BPM,*int*,,,,,,
USWD11890242,Anatomy > Rhythm & Time > Meter > Simple,4,,,,,,
USWD11890242,Performance > Instrument,Percussion,,,,,,
USWD11890242,Performance > Ensemble > Ensemble Section > Wind Section,No Winds,,,,,,
USWD11890242,Anatomy > Rhythm & Time > Meter,Simple,,,,,,
USWD11890242,Anatomy > Rhythm & Time > Meter > Simple,4,,,,,,
USWD11890242,Anatomy > Rhythm & Time > Tempo > Speed,Fast,,,,,,
USWD11890242,Genre,Pop,,,,,,
USWD11890242,Performance > Ensemble > Ensemble Timbre,Electronic/Synthetic,,,,,,
USWD11890242,Performance > Ensemble > Ensemble Section > Percussion,Has Percussion,,,,,,
USWD11890242,Performance > Ensemble > Ensemble Section > Choir,No Choir,,,,,,
USWD11890242,Performance > Ensemble > Ensemble Section > String Section,No Strings,,,,,,
USWD11890242,Performance > Ensemble > Ensemble Section > Wind Section,No Winds,,,,,,
USWD11890242,Anatomy > Arrangement,Voice & Music,,,,,,
USWD11890242,Performance > Voice > Vocal Range,Low Vocal Range,,,,,,
USWD11890242,Performance > Voice > Lead Vocals,Male,,,,,,
USWD11890242,Performance > Voice > Background Vocals,Male Backgrounds,,,,,,
USWD11890242,Performance > Performer > Intensity,Medium,,,,,,
USWD11890242,Performance > Instrument,Percussion,,,,,,
USWD11890242,Performance > Instrument,Drum Machine,,,,,,
USWD11890242,Lyrics > Lyric Theme > Feelings > Confidence,Empowered,,,,,,
USWD11890242,Lyrics > Lyric Theme > Feelings > Confidence,Getting Over,,,,,,
USWD11890242,Lyrics > Lyric Theme > Feelings > Confidence,Determination,,,,,,
USWD11890242,Lyrics > Lyric Theme > Feelings > Confidence,Ambition,,,,,,
USWD11890242,Lyrics > Lyric Theme > Feelings > Confidence,Individuality,,,,,,
USWD11890242,Lyrics > Lyric Theme > Feelings > Confidence,Persevere,,,,,,
USWD11890242,Lyrics > Lyric Theme > Feelings > Confidence,Resilient,,,,,,
USWD11890242,Lyrics > Lyric Theme > Feelings > Confidence,Survive,,,,,,
USWD11890242,Lyrics > Lyric Theme > Conflict > Stress,Difficult,,,,,,
USWD11890242,Lyrics > Lyric Theme > Conflict > Stress,Problems,,,,,,
USWD11890242,Lyrics > Lyric Theme > Conflict > Contempt,Anger,,,,,,
USWD11890242,Lyrics > Lyric Theme > Conflict > Contempt,Angst,,,,,,
USWD11890242,Performance > Instrument > Guitar,Electric Guitar,,,,,,
USWD11890242,Performance > Instrument > Bass,Electric Bass Guitar,,,,,,
USWD11890242,Anatomy > Structure > Dynamic Shape,Steady,,,,,,
USWD11890242,Anatomy > Structure > Structural Complexity,Simple Structure,,,,,,
USWD11890242,Anatomy > Harmony > Mode,Major,,,,,,
USWD11890242,Genre > Pop,Modern Pop,,,,,,
USWD11890242,Genre > Pop,Alternative Pop,,,,,,
USWD11890242,Energy > Emotion > Attitude,Confident,,,,,,
USWD11890242,Energy > Emotion > Attitude,Anthemic,,,,,,
USWD11890242,Energy > Intensity > High,High Intensity,,,,,,
USWD11890242,Energy > Sound Color,Bright,,,,,,
USWD11890242,Energy > Sound Color,Crisp,,,,,,
USWD11890242,Energy > Sound Color,Full,,,,,,
USWD11890242,Anatomy > Rhythm & Time > Tempo > Persistent Pulse,Steady,,,,,,
USWD11890242,Anatomy > Rhythm & Time > Beat Placement,On The Beat,,,,,,
USWD11890242,Anatomy > Rhythm & Time > Rhythmic Feel,Simple Feel,,,,,,
USWD11890242,Anatomy > Rhythm & Time > Rhythmic Feel,Pulsating,,,,,,
USWD11890242,Application > Playlist > Mood,Confident,,,,,,
USWD11890242,Application > Playlist > Mood,Empowered,,,,,,
USWD11890242,Application > Playlist > Mood,Energized,,,,,,
USWD11890242,Application > Playlist > Activity,Karaoke/Sing-Along,,,,,,
USWD11890242,Application > Playlist > Activity,Working Out,,,,,,
USWD11890242,Energy > Emotion > Positive,Uplifting,,,,,,
USWD11890242,Energy > Emotion > Positive,Uplifting,,,,,,
USWD11890242,Anatomy > Harmony > Root,Gb/F#,,,,,,
USWD11890242,Anatomy > Rhythm & Time > BPM,*int*,,,,,,
USWD11890242,Application > Version,Studio Version,,,,,,
USWD11890242,Origin > Relevant Location > North America,United States,,,,,,
USWD11890242,Lyrics > Lyric Language > Indo-European,English,,,,,,
USWD11890242,Origin > Applicable Dates > Originally Released Date,*date*,,,,,,
USWD11890242,Application > Playlist > Time > Decade,2010s,,,,,,