isrc,path,value
USHR11536621,Anatomy/Harmony/Mode,Major
USHR11536621,Performance/Ensemble/Ensemble Section/Choir,No Choir
USHR11838412,Performance/Ensemble/Ensemble Timbre,Electronic/Synthetic
USHR11737993,Anatomy/Harmony/Mode,Major
USWD11785324,Anatomy/Rhythm & Time/Tempo,Changing Pulse
USWD11785324,Energy/Sound Color,Warm
USWD11467130,Lyrics/Lyric Theme/Conflict/Shame,Sad
USWD10320942,Performance/Ensemble/Ensemble Section,Choir
USWD10110145,Lyrics/Lyric Theme/Feelings,Intention
USWD10110145,Performance/Instrument/Synthesizer/Synthesizer Part,Synth Strings
USWD10110145,Performance/Voice/Vocal Range/Low Vocal Range,Tenor Voice
USHR11435914,Application/Playlist,Time
USHR11435914,Performance/Voice,Vocal Effect
USWD11992478,Anatomy/Rhythm & Time/Meter,Compound
USWD11992478,Anatomy/Structure/Form,Song Form
USWD11992478,Energy/Intensity/Medium,Medium-High Intensity
USWD11992478,Energy/Sound Color,Full
USWD11992478,Performance/Instrument/Synthesizer/Synthesizer Type,Theremin
USWD11992478,Performance/Voice/Vocal Range,High Vocal Range
USWD10936421,Performance/Voice/Vocal Range,None
USHR11737993,Lyrics/Lyric Theme/Conflict/Shame,Insecure
USHR11737993,Lyrics/Lyric Theme/Time,Human
USHR11334762,Application/Playlist/Activity,Party
USHR11334762,Application/Version,Single Version
USHR11334762,Genre/Pop,Modern Pop
USHR11334762,Origin/Relevant Location,North America
USHR11637258,Anatomy/Rhythm & Time/Tempo/Persistent Pulse,Steady
USHR11637258,Energy/Emotion/Attitude,Dramatic
USHR11637258,Energy/Sound Color,Bright
USHR11637258,Lyrics/Lyric Theme/Love,Breakup
USHR11637258,Lyrics/Lyric Theme/Love/Pain,Heartache
USHR11637258,Performance/Ensemble/Ensemble Section/Percussion,Has Percussion
USHR11637258,Performance/Instrument/Synthesizer/Synthesizer Part,Synth Bass
USHR11637258,Performance/Instrument/Synthesizer/Synthesizer Part,Synth Pad
USWD10935875,Performance/Ensemble/Ensemble Section/Wind Section,No Winds
USHR11737936,Energy/Intensity/Medium,Medium-High Intensity
USHR11737936,Performance/Ensemble/Ensemble Timbre,Electronic/Synthetic
USHR11738188,Anatomy/Rhythm & Time/Tempo,Persistent Pulse
USHR11738188,Energy/Intensity,High
USHR11738188,Performance/Instrument/Guitar,Electric Guitar
USWD11569822,Energy/Sound Color,Light
USHR11738188,Anatomy/Rhythm & Time/Rhythmic Feel,Simple Feel
USHR11738188,Anatomy/Rhythm & Time/Rhythmic Feel,Triple Feel
USHR11738188,Application/Playlist/Time,Decade
USHR11738188,Lyrics/Lyric Theme/Conflict,Shame
USHR11738188,Lyrics/Lyric Theme/Conflict/Contempt,Angst
USHR11738188,Lyrics/Lyric Theme/Conflict/Contempt,Anger
USHR11738188,Lyrics/Lyric Theme/Conflict/Stress,Burden
USHR11738188,Performance/Instrument/Synthesizer/Synthesizer Part,Synth FX
USWD10935875,Performance/Voice,Vocal Ensemble
USWD10320942,Energy/Emotion,Attitude
USWD10320942,Lyrics/Lyric Theme/Feelings/Intention,Recovery
USWD10320942,Lyrics/Lyric Theme/Health & Wellness/Medical,Pharmaceutical
USWD10320942,Performance/Instrument,Wind
USWD10320942,Performance/Instrument/Wind,Wind
USHR11838412,Origin/Relevant Location,North America
USHR11536621,Energy/Emotion,Attitude
USHR11536621,Genre/Pop,Modern Pop
USHR11536621,Lyrics/Lyric Theme/Love,Obsession
USHR11536621,Lyrics/Lyric Theme/Time/Season,Summer
USHR11536621,Origin/Relevant Location,North America
USHR11536621,Performance/Instrument/Instrument Effect,Sampling
USWD11783601,Performance/Ensemble/Ensemble Section,String Section
USWD11783601,Performance/Instrument/Guitar/Acoustic Guitar,Classical Guitar
USWD11783601,Performance/Instrument/Strings,Violin
USWD11467130,Energy/Emotion/Positive,Sweet
USWD11467130,Genre,Pop
USWD10322246,Anatomy/Rhythm & Time/Rhythmic Feel,Simple Feel
USWD10322246,Performance/Instrument/Bass,Electric Bass Guitar
USWD10322246,Performance/Voice/Background Vocals,Female Backgrounds
USWD10423008,Anatomy/Rhythm & Time/Rhythmic Feel,Simple Feel
USWD10423008,Anatomy/Rhythm & Time/Tempo/Changing Pulse,Fluctuating
USWD10423008,Anatomy/Structure/Dynamic Shape,Steady
USWD10423008,Anatomy/Structure/Form,Song Form
USWD10423008,Application/Playlist/Time/Decade,1960s
USWD10423008,Energy/Emotion/Attitude,Lighthearted
USWD10423008,Lyrics/Lyric Theme/Conflict,Shame
USWD10423008,Performance/Ensemble/Ensemble Configuration,Jazz Combo
USWD10423008,Performance/Instrument/Guitar,Acoustic Guitar
USHR11737936,Application/Version,Studio Version
USHR11737936,Energy/Emotion/Attitude,Serious
USHR11737936,Lyrics/Lyric Theme/Conflict/Stress,Danger
USHR11737936,Lyrics/Lyric Theme/Love,Breakup
USHR11737936,Lyrics/Lyric Theme/Love/Pain,Lies
USHR11737936,Performance/Instrument,Synthesizer
USWD11677601,Energy/Intensity/Medium,Medium-High Intensity
USWD11677601,Performance/Ensemble/Ensemble Section/String Section,No Strings
USWD11677601,Application/Playlist/Mood,Empowered
USWD11677601,Energy/Emotion,Attitude
USWD11677601,Lyrics/Lyric Theme/Feelings/Confidence,Persevere
USWD11677601,Lyrics/Lyric Theme/Feelings/Confidence,Empowered
USHR11536621,Lyrics/Lyric Theme/Time,Season
USHR11536621,Performance/Ensemble/Ensemble Section,String Section
USWD10322246,Anatomy/Rhythm & Time/BPM,82.92
USHR11838412,Energy/Intensity,Medium
USHR11737993,Performance/Ensemble/Ensemble Timbre,Electronic/Synthetic
USHR11737993,Performance/Instrument/Guitar,Electric Guitar
USWD11785324,Anatomy/Rhythm & Time/BPM,151.55
USWD11785324,Anatomy/Rhythm & Time/Tempo/Speed,Medium
USWD11785324,Performance/Instrument,Strings
USWD11467130,Anatomy/Rhythm & Time/BPM,118.49
USWD10322246,Lyrics/Lyric Theme/Feelings,Confidence
USWD10322246,Lyrics/Lyric Theme/Feelings/Confidence,Strong
USHR11435914,Anatomy/Rhythm & Time/BPM,175.9
USWD10110145,Energy/Emotion,Attitude
USWD10110145,Energy/Sound Color,Full
USWD10110145,Energy/Sound Color,Warm
USWD10110145,Lyrics/Lyric Theme/Feelings/Confidence,Support
USWD10110145,Performance/Ensemble/Ensemble Section,String Section
USHR11435914,Lyrics/Lyric Theme,Spiritual
USHR11435914,Lyrics/Lyric Theme/Body Parts,Eyes
USHR11435914,Performance/Instrument/Synthesizer/Synthesizer Part,Synth Lead
USWD11992478,Application/Playlist/Time,Decade
USWD11992478,Lyrics/Lyric Theme/Family,Family Member
USWD11992478,Lyrics/Lyric Theme/Motion,Action
USWD11992478,Performance/Ensemble/Ensemble Configuration,Pop Band
USWD11992478,Performance/Instrument/Bass,Upright Bass
USWD11992478,Performance/Instrument/Instrument Effect,Lo-Fi
USWD11992478,Performance/Voice/Lead Vocals,Male
USHR11334762,Anatomy/Arrangement,Voice & Music
USHR11334762,Genre/R&B/Contemporary R&B,Modern R&B
USHR11334762,Performance/Ensemble/Ensemble Section/Wind Section,No Winds
USHR11334762,Performance/Instrument/Synthesizer/Synthesizer Part,Synth Pad
USHR11637258,Anatomy/Harmony/Mode,Major
USHR11637258,Anatomy/Rhythm & Time/Beat Placement,On The Beat
USHR11637258,Energy/Intensity,Medium
USHR11637258,Lyrics/Lyric Theme/Love/Pain,Farewell
USHR11637258,Performance/Instrument,Synthesizer
USWD10935875,Energy/Emotion,Positive
USHR11737936,Anatomy/Structure/Dynamic Shape,Dynamic
USHR11737936,Performance/Ensemble/Ensemble Section/Choir,No Choir
USHR11737936,Performance/Ensemble/Ensemble Section/Percussion,Has Percussion
USHR11738188,Energy/Emotion/Negative,Angry
USHR11738188,Performance/Ensemble/Ensemble Section,Wind Section
USHR11738188,Performance/Instrument,Drum Set
USHR11738188,Performance/Instrument,Percussion
USWD11569822,Application/Playlist/Theme,Soundtrack
USWD11569822,Energy/Emotion/Attitude,Dreamy
USHR11738188,Energy/Sound Color,Dark
USHR11738188,Genre/Rock/Alternative Rock,Post Grunge
USHR11738188,Performance/Voice/Lead Vocals,Male
USWD10935875,Lyrics/Lyric Theme/Feelings/Gratitude,Understanding
USWD10935875,Origin/Applicable Dates/Originally Released Date,3/24/09
USWD10935875,Performance/Ensemble/Ensemble Section/String Section,Has Strings
USWD10320942,Application/Playlist,Theme
USWD10320942,Origin/Relevant Location,North America
USWD10320942,Performance/Ensemble/Ensemble Section/Percussion,Has Percussion
USHR11838412,Anatomy/Harmony/Mode,Major
USHR11536621,Anatomy/Rhythm & Time/Rhythmic Feel,Groovy Feel
USHR11536621,Anatomy/Structure/Form,Song Form
USHR11536621,Application/Playlist,Mood
USHR11536621,Lyrics/Lyric Mood,Happy
USHR11536621,Lyrics/Lyric Theme/Love/Romantic,Falling In
USHR11536621,Origin/Relevant Location/North America,United States
USHR11536621,Performance/Voice,Background Vocals
USWD11783601,Performance/Performer/Intensity,Medium
USWD11467130,Anatomy/Rhythm & Time/Rhythmic Feel,Rubato
USWD10322246,Anatomy/Structure/Structural Complexity,Simple Structure
USWD10322246,Performance/Instrument,Strings
USWD10423008,Application/Function/Media Music,Soundtrack
USWD10423008,Genre/Jazz,Traditional Pop
USWD10423008,Lyrics/Lyric Theme,Consciousness
USWD10423008,Lyrics/Lyric Theme/Feelings,Intention
USWD10423008,Performance/Instrument,Guitar
USWD10423008,Performance/Instrument/Strings,Cello
USHR11737936,Anatomy/Structure/Structural Complexity,Simple Structure
USHR11737936,Application/Playlist/Activity,Break-up
USHR11737936,Performance/Voice/Lead Vocals,Female
USWD11677601,Application/Playlist,Mood
USWD11677601,Lyrics/Lyric Theme/Feelings,Confidence
USWD11677601,Lyrics/Lyric Theme/Feelings/Confidence,Strong
USWD11677601,Lyrics/Lyric Theme/Feelings/Intention,Inspiration
USHR11536621,Lyrics/Lyric Theme,Time
USWD10322246,Anatomy/Rhythm & Time/Tempo/Speed,Medium
USWD10322246,Performance/Instrument/Guitar,Electric Guitar
USHR11838412,Anatomy/Rhythm & Time/BPM,119.94
USHR11838412,Anatomy/Rhythm & Time/Tempo,Persistent Pulse
USHR11737993,Energy/Emotion/Positive,Optimistic
USWD11785324,Anatomy/Harmony/Root,D
USWD11785324,Application/Function/Media Music,Soundtrack
USWD11785324,Application/Playlist/Theme,Soundtrack
USWD11467130,Anatomy/Rhythm & Time/Meter,Simple
USWD11467130,Lyrics/Lyric Theme/Conflict/Shame,Fragile
USWD11467130,Performance/Ensemble/Ensemble Section,String Section
USWD10322246,Lyrics/Lyric Theme/Feelings/Confidence,Persevere
USWD11569822,Lyrics/Lyric Theme,Body Parts
USWD11569822,Lyrics/Lyric Theme,Elements
USWD10320942,Anatomy/Arrangement,Voice & Music
USWD10110145,Anatomy/Rhythm & Time/Tempo,Persistent Pulse
USWD10110145,Genre,Rock
USWD10110145,Lyrics/Lyric Theme/Spiritual/Idea,Fate
USWD10110145,Performance/Instrument,Guitar
USWD10110145,Performance/Instrument,Percussion
USWD10110145,Performance/Voice/Lead Vocals,Male
USHR11435914,Application/Playlist/Time/Decade,2010s
USHR11435914,Energy/Emotion/Positive,Uplifting
USHR11435914,Performance/Instrument,Instrument Effect
USWD11992478,Application/Playlist/Theme,Soundtrack
USWD11992478,Performance/Instrument,Percussion
USWD10936421,Anatomy/Rhythm & Time/Meter/Compound,6
USWD10936421,Anatomy/Structure/Dynamic Shape,Dynamic
USWD11783601,Lyrics/Lyric Theme/Consciousness,Remember
USHR11737993,Lyrics/Lyric Theme/Conflict/Stress,Dissatisfaction
USHR11334762,Energy/Emotion,Attitude
USHR11334762,Lyrics/Lyric Theme,Objects
USHR11334762,Performance/Ensemble/Ensemble Section/Choir,No Choir
USHR11637258,Lyrics/Lyric Theme/Love/Breakup,Lost That Loving Feeling
USHR11637258,Performance/Voice/Lead Vocals,Female
USWD10423008,Anatomy/Rhythm & Time/Tempo/Speed,Medium
USWD10935875,Anatomy/Rhythm & Time/Tempo/Speed,Slow
USWD10935875,Energy/Intensity,Low
USWD10935875,Performance/Instrument,Guitar
USHR11738188,Anatomy/Rhythm & Time/BPM,171.04
USHR11738188,Performance/Ensemble/Ensemble Configuration,Rock Band
USWD10935875,Energy/Sound Color,Light
USWD10935875,Energy/Sound Color,Crisp
USWD10935875,Performance/Instrument/Guitar,Electric Guitar
USWD10320942,Application/Playlist/Time/Decade,1960s
USWD10320942,Energy/Intensity/Medium,Medium-High Intensity
USWD10320942,Lyrics/Lyric Theme,Health & Wellness
USWD10320942,Lyrics/Lyric Theme/Objects,Food
USWD10320942,Origin/Applicable Dates/Originally Released Date,8/27/64
USHR11838412,Energy/Intensity/Medium,Medium-High Intensity
USHR11838412,Performance/Instrument,Synthesizer
USHR11536621,Genre,Pop
USHR11536621,Lyrics/Lyric Language/Indo-European,English
USHR11536621,Lyrics/Lyric Theme/Love/Romantic,Crush
USHR11536621,Lyrics/Lyric Theme/Love/Romantic,We Should Be Together
USHR11536621,Performance/Instrument,Instrument Effect
USWD10423008,Anatomy/Rhythm & Time/BPM,103.04
USWD11783601,Application/Function,Media Music
USWD10322246,Application/Playlist/Theme,Soundtrack
USWD11783601,Origin/Applicable Dates/Originally Released Date,11/22/17
USHR11737993,Anatomy/Rhythm & Time/Beat Placement,On The Beat
USHR11737993,Application/Playlist/Time,Decade
USHR11737993,Energy/Emotion,Attitude
USHR11737993,Energy/Sound Color,Full
USHR11737993,Performance/Instrument,Bass
USWD11467130,Energy/Emotion/Attitude,Cinematic
USWD10322246,Application/Playlist,Time
USWD10322246,Energy/Sound Color,Full
USWD10322246,Genre/R&B,Classic R&B
USWD10322246,Origin/Applicable Dates/Originally Released Date,6/23/97
USWD10423008,Application/Playlist,Time
USWD10423008,Energy/Intensity/Low,Low Intensity
USWD10423008,Energy/Intensity/Medium,Medium Intensity
USWD10423008,Lyrics/Lyric Language/Indo-European,English
USWD10423008,Lyrics/Lyric Technique,Imagery
USWD10423008,Lyrics/Lyric Theme/Love/Non-Romantic,Friendship
USWD10423008,Performance/Voice,Background Vocals
USHR11737936,Energy/Sound Color,Light
USHR11737936,Lyrics/Lyric Theme/Conflict,Stress
USHR11737936,Lyrics/Lyric Theme/Love,Obsession
USWD11677601,Anatomy/Harmony/Root,E
USWD11677601,Anatomy/Rhythm & Time/Rhythmic Feel,Swing Feel
USWD11677601,Performance/Instrument,Drum Machine
USWD11677601,Anatomy/Rhythm & Time/Tempo/Persistent Pulse,Steady
USWD11677601,Application/Playlist/Mood,Confident
USWD11677601,Energy/Emotion/Positive,Inspiring
USWD11677601,Performance/Ensemble/Ensemble Section,Wind Section
USWD11677601,Performance/Instrument,Synthesizer
USHR11536621,Energy/Emotion/Positive,Uplifting
USHR11737993,Performance/Ensemble/Ensemble Section,Wind Section
USWD11785324,Anatomy/Rhythm & Time/Meter,Simple
USWD11785324,Energy/Intensity/Medium,Medium Intensity
USWD11785324,Energy/Sound Color,Balanced
USWD11785324,Lyrics/Lyric Language,None
USWD11785324,Performance/Ensemble/Ensemble Timbre,Acoustic
USWD11467130,Lyrics/Lyric Theme/Love,Romantic
USWD11467130,Lyrics/Lyric Theme/Love/Obsession,Longing
USWD10322246,Lyrics/Lyric Language/Indo-European,English
USWD10322246,Lyrics/Lyric Theme/Feelings/Confidence,Ambition
USWD11569822,Energy/Emotion/Positive,Romantic
USWD11569822,Performance/Instrument,Strings
USHR11435914,Anatomy/Rhythm & Time/Meter,Simple
USWD10320942,Anatomy/Rhythm & Time/Meter/Simple,4
USWD10320942,Energy/Emotion/Positive,Happy
USWD10110145,Anatomy/Structure/Dynamic Shape,Dynamic
USWD10110145,Energy/Sound Color,Smooth
USWD10110145,Lyrics/Lyric Theme,Elements
USHR11435914,Lyrics/Lyric Theme/Spiritual,Spirit
USHR11435914,Performance/Ensemble/Ensemble Section/Choir,No Choir
USWD11992478,Performance/Ensemble/Ensemble Section/Choir,Has Choir
USWD11992478,Performance/Instrument,Drum Set
USWD11992478,Performance/Instrument/Strings/Harp,Concert Harp
USWD10936421,Anatomy/Rhythm & Time/Meter,Compound
USWD10936421,Energy/Emotion/Attitude,Sentimental
USWD11783601,Lyrics/Lyric Theme/Love/Romantic,Romance
USHR11737993,Energy/Emotion/Positive,Uplifting
USHR11737993,Lyrics/Lyric Theme,Objects
USHR11334762,Energy/Intensity,Medium
USHR11334762,Energy/Sound Color,Balanced
USHR11334762,Origin/Applicable Dates/Originally Released Date,7/16/13
USHR11637258,Anatomy/Rhythm & Time/Meter,Simple
USHR11637258,Anatomy/Rhythm & Time/Meter/Simple,4
USHR11637258,Anatomy/Structure/Structural Complexity,Simple Structure
USHR11637258,Application/Playlist,Time
USHR11637258,Energy/Emotion/Positive,Exciting
USHR11637258,Lyrics/Lyric Theme/Love/Breakup,Lost
USHR11637258,Origin/Applicable Dates/Originally Released Date,7/15/16
USHR11637258,Performance/Ensemble/Ensemble Section/String Section,No Strings
USWD10935875,Anatomy/Rhythm & Time/Meter/Simple,4
USHR11334762,Anatomy/Rhythm & Time/Tempo/Speed,Slow
USHR11737936,Anatomy/Rhythm & Time/BPM,62
USHR11737936,Anatomy/Rhythm & Time/Tempo/Persistent Pulse,Steady
USHR11738188,Anatomy/Rhythm & Time/Tempo/Persistent Pulse,Steady
USWD11569822,Genre,Pop
USWD11569822,Performance/Instrument,Wind
USWD11569822,Performance/Instrument/Strings,Viola
USWD11569822,Performance/Instrument/Strings/Harp,Concert Harp
USWD11569822,Performance/Instrument/Wind,Trumpet
USHR11738188,Application/Playlist/Time/Decade,2010s
USHR11738188,Energy/Emotion/Negative,Pained
USHR11738188,Energy/Sound Color,Balanced
USHR11738188,Origin/Relevant Location/North America,United States
USWD10935875,Anatomy/Structure/Dynamic Shape,Steady
USWD10935875,Energy/Emotion/Positive,Sweet
USWD10935875,Lyrics/Lyric Theme/Family,Family Member
USWD10935875,Lyrics/Lyric Theme/Feelings/Confidence,Strong
USWD10935875,Lyrics/Lyric Theme/Feelings/Gratitude,Connection
USWD10935875,Performance/Voice/Lead Vocals,Female
USWD10320942,Application/Version,Studio Version
USWD10320942,Lyrics/Lyric Theme/Feelings,Confidence
USWD10320942,Performance/Ensemble/Ensemble Timbre,Acoustic
USWD10320942,Performance/Instrument,Guitar
USHR11838412,Anatomy/Structure/Structural Complexity,Simple Structure
USHR11838412,Energy/Emotion/Positive,Exciting
USHR11838412,Genre/Pop/Alternative Pop,Indie Pop
USHR11838412,Performance/Instrument,Instrument Effect
USHR11536621,Application/Playlist/Activity,Working Out
USHR11536621,Energy/Intensity,High
USWD10322246,Application/Playlist,Theme
USWD10322246,Application/Version,Studio Version
USWD11783601,Anatomy/Rhythm & Time/Beat Placement,On The Beat
USWD11783601,Anatomy/Rhythm & Time/Rhythmic Feel,Swing Feel
USWD11783601,Origin/Relevant Location/North America,United States
USHR11737993,Performance/Instrument/Instrument Effect,Reverb
USHR11737993,Performance/Instrument/Instrument Effect,Filtering
USWD11467130,Anatomy/Rhythm & Time/Beat Placement,On The Beat
USWD11467130,Performance/Instrument/Strings,Bowed Strings
USWD11467130,Performance/Instrument/Strings,Violin
USWD11785324,Energy/Intensity/High,Highest Intensity
USWD10423008,Anatomy/Rhythm & Time/Tempo,Changing Pulse
USWD10423008,Application/Playlist/Time,Decade
USWD10423008,Energy/Sound Color,Warm
USWD10423008,Genre,Pop
USWD10423008,Performance/Ensemble/Ensemble Configuration,Orchestra
USWD10423008,Performance/Instrument/Percussion,Unpitched
USWD10423008,Performance/Voice/Lead Vocals,Male
USHR11737936,Lyrics/Lyric Language/Indo-European,English
USWD11677601,Application/Playlist,Theme
USWD11677601,Energy/Sound Color,Fluid
USHR11536621,Anatomy/Rhythm & Time/Meter/Simple,4
USHR11536621,Anatomy/Rhythm & Time/Tempo,Persistent Pulse
USHR11536621,Performance/Ensemble/Ensemble Section/Wind Section,No Winds
USWD10322246,Anatomy/Rhythm & Time/Meter,Simple
USWD10322246,Anatomy/Rhythm & Time/Meter/Simple,4
USWD10322246,Performance/Ensemble/Ensemble Timbre,Electric
USWD10322246,Performance/Instrument,Drum Set
USHR11838412,Energy/Emotion,Positive
USHR11838412,Performance/Ensemble/Ensemble Section/Choir,No Choir
USHR11737993,Performance/Voice/Vocal Range,High Vocal Range
USWD11785324,Anatomy/Structure/Dynamic Shape,Dynamic
USWD11785324,Genre/Classical/20th Century,Late 20th Century
USWD11785324,Energy/Emotion/Positive,Optimistic
USWD11467130,Anatomy/Harmony/Mode,Major
USWD11467130,Anatomy/Harmony/Root,F
USWD11569822,Anatomy/Harmony/Mode,Major
USWD11569822,Anatomy/Harmony/Root,E
USWD11569822,Anatomy/Structure/Dynamic Shape,Dynamic
USWD11569822,Lyrics/Lyric Theme/Feelings/Gratitude,Possibility
USHR11435914,Anatomy/Harmony/Root,Ab/G#
USHR11435914,Anatomy/Rhythm & Time/Meter/Simple,4
USHR11435914,Performance/Instrument,Drum Machine
USWD10320942,Anatomy/Rhythm & Time/Meter,Simple
USWD10110145,Anatomy/Arrangement,Voice & Music
USWD10110145,Anatomy/Rhythm & Time/Tempo/Speed,Slow
USWD10110145,Application/Playlist/Theme,Soundtrack
USWD10110145,Genre/Rock,Soft Rock
USWD10110145,Lyrics/Lyric Theme,Feelings
USWD10110145,Performance/Ensemble/Ensemble Section,Choir
USHR11435914,Energy/Sound Color,Full
USHR11435914,Lyrics/Lyric Mood,Lonely
USHR11435914,Lyrics/Lyric Theme/Spiritual/Idea,Faith
USHR11435914,Performance/Instrument,Guitar
USWD11992478,Energy/Emotion/Positive,Sweet
USWD11992478,Lyrics/Lyric Theme/Motion/Action,Cry
USWD11992478,Performance/Instrument/Instrument Effect,Reverb
USWD10936421,Application/Function,Media Music
USWD10936421,Application/Playlist/Time,Decade
USWD10936421,Energy/Emotion/Positive,Sweet
USWD10936421,Energy/Intensity,Low
USWD10936421,Origin/Relevant Location,North America
USWD10936421,Performance/Instrument/Bass,Upright Bass
USWD10936421,Performance/Voice/Lead Vocals,None
USHR11334762,Application/Playlist/Activity,Dating
USHR11334762,Performance/Instrument,Drum Machine
USHR11334762,Performance/Instrument/Synthesizer/Synthesizer Part,Synth FX
USHR11334762,Performance/Performer/Intensity,Medium
USHR11637258,Application/Playlist/Mood,Confident
USHR11637258,Energy/Emotion/Positive,Uplifting
USHR11637258,Lyrics/Lyric Theme/Love/Breakup,Moving On
USWD11569822,Anatomy/Rhythm & Time/Rhythmic Feel,Rubato
USWD11569822,Performance/Performer/Intensity,Medium
USHR11738188,Energy/Sound Color,Metallic
USHR11738188,Performance/Voice/Vocal Technique,Scream
USWD10935875,Application/Playlist,Time
USWD10935875,Application/Version,Studio Version
USWD10935875,Lyrics/Lyric Theme,Love
USWD10935875,Performance/Instrument/Strings,Bowed Strings
USWD10935875,Performance/Voice/Vocal Range/High Vocal Range,Mezzo-soprano Voice
USWD10320942,Energy/Sound Color,Crisp
USWD10320942,Lyrics/Lyric Theme,Feelings
USWD10320942,Lyrics/Lyric Theme/Feelings/Confidence,Support
USWD10320942,Performance/Ensemble/Ensemble Section/Wind Section,Has Winds
USHR11838412,Genre/Pop/Alternative Pop,Pop Rock
USHR11838412,Lyrics/Lyric Theme/Conflict/Shame,Identity Crisis
USHR11838412,Performance/Instrument/Synthesizer/Synthesizer Part,Synth FX
USHR11838412,Performance/Instrument/Synthesizer/Synthesizer Part,Synth Pad
USHR11536621,Energy/Emotion/Attitude,Anthemic
USHR11536621,Origin/Applicable Dates/Originally Released Date,7/1/15
USWD11783601,Energy/Emotion/Attitude,Confident
USWD11783601,Origin/Relevant Location,North America
USWD11783601,Performance/Voice,Background Vocals
USWD11467130,Origin/Applicable Dates/Originally Released Date,1/26/14
USWD10322246,Energy/Sound Color,Warm
USWD10322246,Origin/Relevant Location/North America,United States
USHR11334762,Energy/Emotion/Positive,Optimistic
USWD10423008,Anatomy/Arrangement,Voice & Music
USWD10423008,Anatomy/Rhythm & Time/Rhythmic Feel,Swing Feel
USWD10423008,Energy/Emotion/Attitude,Playful
USHR11737936,Application/Playlist/Mood,Dark
USHR11737936,Energy/Sound Color,Airy
USWD11677601,Energy/Emotion,Positive
USWD11677601,Energy/Intensity,Medium
USWD11677601,Anatomy/Rhythm & Time/Tempo/Speed,Medium Fast
USWD11677601,Anatomy/Structure/Form,Song Form
USWD11677601,Application/Playlist/Activity,Running
USWD11677601,Genre,Pop
USWD11677601,Lyrics/Lyric Language/Indo-European,English
USWD11677601,Lyrics/Lyric Theme/Feelings/Intention,Choices
USWD11677601,Performance/Instrument,Drum Set
USWD11677601,Performance/Voice,Background Vocals
USHR11536621,Performance/Instrument/Guitar,Electric Guitar
USHR11838412,Performance/Ensemble/Ensemble Section,Choir
USHR11838412,Performance/Instrument,Drum Machine
USHR11838412,Performance/Instrument,Percussion
USHR11737993,Performance/Instrument,Drum Set
USWD11785324,Anatomy/Structure/Form,Classical Form
USWD11785324,Performance/Ensemble/Ensemble Section/Choir,No Choir
USWD11467130,Performance/Ensemble/Ensemble Section,Percussion
USWD11467130,Performance/Ensemble/Ensemble Section/Wind Section,No Winds
USWD10322246,Lyrics/Lyric Theme/Feelings/Confidence,Courage
USWD11569822,Lyrics/Lyric Theme,Spiritual
USWD11569822,Lyrics/Lyric Theme,Consciousness
USWD11569822,Lyrics/Lyric Theme/Elements,Air
USHR11435914,Performance/Ensemble/Ensemble Section,Choir
USHR11435914,Performance/Ensemble/Ensemble Section/Wind Section,No Winds
USHR11435914,Performance/Voice/Vocal Range,High Vocal Range
USWD10320942,Anatomy/Rhythm & Time/BPM,158.35
USWD10110145,Anatomy/Harmony/Root,Bb/A#
USWD10110145,Application/Function,Media Music
USWD10110145,Application/Version,Studio Version
USWD10110145,Energy/Emotion/Attitude,Anthemic
USWD10110145,Lyrics/Lyric Theme/Feelings,Confidence
USWD10110145,Performance/Instrument/Synthesizer/Synthesizer Part,Synth Pad
USHR11435914,Anatomy/Structure/Structural Complexity,Simple Structure
USHR11435914,Application/Playlist/Time,Decade
USHR11435914,Energy/Emotion/Attitude,Sentimental
USHR11435914,Genre,Pop
USHR11435914,Lyrics/Lyric Theme/Spiritual/Spirit,God
USHR11435914,Performance/Instrument,Piano
USWD11992478,Anatomy/Structure/Structural Complexity,Simple Structure
USWD11992478,Application/Playlist,Theme
USWD11992478,Performance/Instrument,Bass
USWD10936421,Anatomy/Rhythm & Time/Tempo,Changing Pulse
USWD10936421,Anatomy/Structure/Form,Song Form
USWD10936421,Genre/Jazz,Jazz-Pop
USWD10936421,Origin/Applicable Dates/Originally Released Date,5/29/09
USWD10936421,Performance/Instrument,Strings
USWD10936421,Performance/Instrument/Strings,Bowed Strings
USWD11783601,Lyrics/Lyric Theme,Consciousness
USWD11783601,Lyrics/Lyric Theme/Love,Romantic
USHR11334762,Anatomy/Rhythm & Time/Tempo/Persistent Pulse,Steady
USHR11334762,Anatomy/Rhythm & Time/Tempo/Speed,Medium Fast
USHR11334762,Application/Playlist/Mood,Romantic
USHR11637258,Anatomy/Structure/Dynamic Shape,Dynamic
USHR11637258,Performance/Voice/Vocal Range/High Vocal Range,Mezzo-soprano Voice
USWD10423008,Performance/Performer/Intensity,Medium
USWD10935875,Performance/Ensemble/Ensemble Timbre,Acoustic
USWD10935875,Performance/Voice/Vocal Range,High Vocal Range
USWD11569822,Origin/Applicable Dates/Originally Released Date,3/10/15
USWD11569822,Performance/Ensemble/Ensemble Configuration,Orchestra
USHR11738188,Anatomy/Structure/Form,Song Form
USWD10935875,Lyrics/Lyric Language/Indo-European,English
USWD10935875,Lyrics/Lyric Theme/Feelings/Gratitude,Possibility
USWD10320942,Application/Function,Media Music
USWD10320942,Lyrics/Lyric Theme/Feelings/Intention,Innocence
USWD10320942,Performance/Ensemble/Ensemble Section,Wind Section
USWD10320942,Performance/Ensemble/Ensemble Size,Large Ensemble Size
USWD10320942,Performance/Instrument/Strings,Plucked Strings
USHR11838412,Application/Playlist/Time/Decade,2010s
USHR11838412,Application/Version,Studio Version
USHR11838412,Energy/Emotion/Positive,Uplifting
USHR11838412,Energy/Sound Color,Bright
USHR11838412,Lyrics/Lyric Theme/Conflict/Shame,Insecure
USHR11838412,Lyrics/Lyric Theme/Conflict/Stress,Burden
USHR11536621,Anatomy/Rhythm & Time/Beat Placement,On The Beat
USHR11536621,Energy/Emotion/Positive,Happy
USHR11536621,Lyrics/Lyric Theme/Love/Temptation,Need
USHR11536621,Performance/Voice/Vocal Effect,Voice Effects
USWD11783601,Application/Playlist/Theme,Soundtrack
USWD10322246,Application/Function,Media Music
USWD10320942,Genre,Pop
USWD10320942,Performance/Ensemble/Ensemble Timbre,Electronic/Synthetic
USWD11783601,Genre/Latin,Regional Mexican
USHR11737993,Performance/Instrument,Synthesizer
USHR11737993,Performance/Instrument,Organ
USHR11737993,Performance/Instrument/Organ,Electric Organ
USWD11467130,Anatomy/Structure/Form,Song Form
USWD11467130,Performance/Ensemble/Ensemble Configuration,Orchestra
USWD10322246,Anatomy/Rhythm & Time/Beat Placement,On The Beat
USWD10322246,Anatomy/Structure/Form,Song Form
USWD10322246,Application/Playlist/Time,Decade
USWD10322246,Performance/Instrument/Strings,Bowed Strings
USWD10423008,Anatomy/Rhythm & Time/Beat Placement,On The Beat
USWD10423008,Energy/Emotion/Positive,Happy
USWD10423008,Performance/Instrument/Strings,Violin
USHR11637258,Performance/Instrument,Percussion
USHR11737936,Energy/Emotion,Negative
USHR11737936,Origin/Applicable Dates/Originally Released Date,2/23/18
USHR11737936,Performance/Instrument/Synthesizer/Synthesizer Part,Synth Pad
USWD11677601,Performance/Ensemble/Ensemble Section,Percussion
USWD11677601,Performance/Ensemble/Ensemble Section/Percussion,Has Percussion
USWD11677601,Lyrics/Lyric Theme/Feelings/Gratitude,Beginning
USWD11677601,Performance/Instrument/Synthesizer/Synthesizer Part,Synth Bass
USWD11677601,Performance/Instrument/Synthesizer/Synthesizer Part,Synth Pad
USHR11536621,Performance/Ensemble/Ensemble Section,Choir
USHR11838412,Anatomy/Harmony/Mode,Minor
USHR11737993,Performance/Ensemble/Ensemble Section/Percussion,Has Percussion
USWD11785324,Application/Version,Studio Version
USWD11785324,Performance/Ensemble/Ensemble Section,String Section
USWD11785324,Energy/Intensity/High,Excessive
USWD11785324,Performance/Ensemble/Ensemble Section/Percussion,No Percussion
USWD11569822,Lyrics/Lyric Theme/Consciousness,Sleep
USWD11569822,Lyrics/Lyric Theme/Love/Pain,Heartache
USWD11569822,Performance/Ensemble/Ensemble Section/String Section,Has Strings
USWD11569822,Performance/Voice/Vocal Range,High Vocal Range
USHR11435914,Performance/Ensemble/Ensemble Section,Wind Section
USWD10320942,Anatomy/Harmony/Root,Bb/A#
USWD10320942,Genre/Rock/Early Rock,Rock n Roll
USWD10110145,Anatomy/Rhythm & Time/Beat Placement,On The Beat
USWD10110145,Anatomy/Rhythm & Time/Meter/Simple,4
USWD10110145,Application/Playlist/Activity,Road Trip
USWD10110145,Application/Playlist/Mood,Feeling Good
USWD10110145,Energy/Intensity,Low
USWD10110145,Lyrics/Lyric Theme/Family,Family Life
USWD10110145,Performance/Ensemble/Ensemble Section/String Section,No Strings
USWD10110145,Performance/Instrument,Piano
USWD10110145,Performance/Instrument,Keyboard
USHR11435914,Energy/Intensity,Medium
USHR11435914,Performance/Voice,Background Vocals
USWD11992478,Application/Playlist,Time
USWD11992478,Lyrics/Lyric Theme/Feelings/Intention,Shelter
USWD11992478,Performance/Instrument,Strings
USWD11992478,Performance/Instrument/Percussion,Percussion Section
USWD11992478,Performance/Instrument/Percussion/Percussion Section,Orchestral Percussion
USWD10936421,Anatomy/Rhythm & Time/Rhythmic Feel,Off-Beat
USWD10936421,Energy/Emotion/Attitude,Dreamy
USWD10936421,Energy/Intensity/Low,Low Intensity
USWD10936421,Lyrics/Lyric Theme,None
USWD10936421,Performance/Ensemble/Ensemble Section,String Section
USWD10936421,Performance/Ensemble/Ensemble Section/Wind Section,Has Winds
USWD10936421,Performance/Instrument,Wind
USWD11783601,Anatomy/Arrangement,Voice & Music
USWD11783601,Lyrics/Lyric Language/Indo-European,English
USWD11783601,Performance/Instrument,Percussion
USHR11737993,Lyrics/Lyric Theme/Conflict,Stress
USHR11334762,Anatomy/Rhythm & Time/Beat Placement,On The Beat
USHR11334762,Application/Playlist,Activity
USHR11334762,Application/Playlist/Mood,Feeling Good
USHR11334762,Energy/Sound Color,Full
USHR11334762,Lyrics/Lyric Language/Indo-European,English
USHR11334762,Performance/Instrument/Synthesizer/Synthesizer Part,Synth Bass
USHR11637258,Anatomy/Structure/Form,Song Form
USHR11637258,Application/Playlist/Activity,Break-up
USHR11637258,Application/Playlist/Time/Decade,2010s
USHR11637258,Genre,Pop
USHR11637258,Performance/Ensemble/Ensemble Section/Wind Section,No Winds
USWD10935875,Anatomy/Harmony/Mode,Major
USHR11737936,Anatomy/Rhythm & Time/Meter,Simple
USHR11737936,Energy/Intensity,Medium
USWD11569822,Anatomy/Rhythm & Time/Tempo,Persistent Pulse
USWD11569822,Anatomy/Rhythm & Time/Tempo/Persistent Pulse,Steady
USWD11569822,Energy/Sound Color,Bright
USHR11738188,Lyrics/Lyric Language/Indo-European,English
USHR11738188,Lyrics/Lyric Theme/Conflict/Stress,Problems
USWD10935875,Lyrics/Lyric Theme/Feelings,Confidence
USWD10935875,Performance/Voice/Vocal Range,Low Vocal Range
USWD10320942,Lyrics/Lyric Theme/Feelings,Intention
USWD10320942,Lyrics/Lyric Theme/Health & Wellness,Medical
USWD10320942,Performance/Ensemble/Ensemble Section/String Section,Has Strings
USWD10320942,Performance/Voice/Lead Vocals,Mixed
USHR11838412,Anatomy/Harmony/Root,C#/Db
USHR11838412,Anatomy/Rhythm & Time/Rhythmic Feel,Simple Feel
USHR11838412,Genre,Pop
USHR11838412,Lyrics/Lyric Theme/Spiritual,Place
USHR11838412,Performance/Voice/Vocal Range/Low Vocal Range,Tenor Voice
USHR11536621,Application/Playlist/Mood,Confident
USHR11536621,Performance/Instrument/Synthesizer/Synthesizer Part,Synth FX
USWD11467130,Application/Playlist,Theme
USWD11783601,Energy/Emotion/Positive,Romantic
USHR11737993,Anatomy/Structure/Structural Complexity,Simple Structure
USWD11467130,Anatomy/Rhythm & Time/Rhythmic Feel,Simple Feel
USWD11467130,Energy/Emotion,Attitude
USWD10322246,Performance/Ensemble/Ensemble Configuration,Pop Band
USWD10423008,Lyrics/Lyric Theme/Love,Non-Romantic
USWD10423008,Performance/Ensemble/Ensemble Section,String Section
USWD10423008,Performance/Instrument,Piano
USWD10936421,Energy/Intensity/Low,Calm
USWD10320942,Energy/Intensity,High
USHR11737936,Application/Playlist,Time
USHR11737936,Application/Playlist,Mood
USHR11737936,Application/Playlist,Activity
USHR11737936,Application/Playlist/Mood,Rainy Day
USHR11737936,Energy/Emotion/Attitude,Dramatic
USHR11737936,Origin/Relevant Location/North America,United States
USWD11677601,Performance/Ensemble/Ensemble Section/Choir,No Choir
USWD11677601,Performance/Instrument,Guitar
USWD11677601,Application/Playlist/Activity,Celebration
USWD11677601,Application/Version,Studio Version
USWD11677601,Origin/Relevant Location,North America
USWD11677601,Origin/Relevant Location/North America,United States
USWD11677601,Performance/Ensemble/Ensemble Timbre,Electronic/Synthetic
USHR11536621,Energy/Emotion,Positive
USWD10322246,Anatomy/Rhythm & Time/Tempo/Speed,Fast
USWD10322246,Performance/Ensemble/Ensemble Section/Wind Section,No Winds
USHR11737993,Anatomy/Rhythm & Time/Meter/Simple,4
USHR11737993,Performance/Ensemble/Ensemble Section/String Section,No Strings
USWD11785324,Anatomy/Arrangement,Instrumental
USWD11785324,Anatomy/Harmony/Mode,Minor
USWD11785324,Anatomy/Rhythm & Time/Beat Placement,On The Beat
USWD11785324,Anatomy/Structure/Structural Complexity,Simple Structure
USWD11785324,Application/Function,Media Music
USWD11785324,Energy/Sound Color,Full
USWD11785324,Genre/Classical/20th Century/Late 20th Century,Neo-Romantic
USWD11785324,Performance/Ensemble/Ensemble Section,Choir
USWD11785324,Performance/Ensemble/Ensemble Section/Percussion,Has Percussion
USWD11785324,Performance/Instrument,Wind
USWD11467130,Lyrics/Lyric Theme,Conflict
USWD11467130,Performance/Ensemble/Ensemble Section,Wind Section
USWD11569822,Lyrics/Lyric Theme/Feelings/Confidence,Hope
USWD11569822,Lyrics/Lyric Theme/Spiritual,Place
USWD11569822,Performance/Ensemble/Ensemble Section/Choir,No Choir
USWD10110145,Anatomy/Harmony/Mode,Major
USWD10110145,Anatomy/Rhythm & Time/BPM,80.69
USWD10110145,Origin/Relevant Location/Europe,England
USWD10110145,Performance/Instrument,Drum Set
USHR11435914,Energy/Emotion,Attitude
USWD11992478,Anatomy/Rhythm & Time/Beat Placement,On The Beat
USWD11992478,Anatomy/Rhythm & Time/Meter/Compound,6
USWD11992478,Application/Function,Media Music
USWD11992478,Energy/Emotion,Attitude
USWD11992478,Energy/Intensity,Medium
USWD11992478,Performance/Ensemble/Ensemble Section,Wind Section
USWD11992478,Performance/Ensemble/Ensemble Section,String Section
USWD11992478,Performance/Voice/Vocal Range/Low Vocal Range,Tenor Voice
USWD10936421,Energy/Emotion/Positive,Contented
USWD10936421,Energy/Sound Color,Warm
USWD10936421,Performance/Ensemble/Ensemble Section/Percussion,Has Percussion
USHR11737993,Lyrics/Lyric Theme/Conflict,Shame
USHR11737993,Lyrics/Lyric Theme/Conflict/Shame,Identity Crisis
USHR11334762,Application/Playlist/Activity,Hanging Out
USHR11334762,Energy/Sound Color,Fluid
USHR11334762,Lyrics/Lyric Theme/Love,Obsession
USHR11334762,Lyrics/Lyric Theme/Objects/Musical Instrument,Music
USHR11334762,Performance/Ensemble/Ensemble Section/Percussion,Has Percussion
USHR11637258,Application/Playlist/Mood,Empowered
USHR11637258,Application/Playlist/Mood,Romantic
USHR11637258,Energy/Sound Color,Crisp
USHR11637258,Lyrics/Lyric Theme/Love/Romantic,We Should Be Together
USHR11637258,Performance/Ensemble/Ensemble Section,Percussion
USHR11637258,Performance/Voice/Vocal Effect,Voice Effects
USWD10423008,Performance/Ensemble/Ensemble Section,Choir
USWD10935875,Anatomy/Rhythm & Time/Tempo,Persistent Pulse
USHR11737936,Performance/Ensemble/Ensemble Section,Percussion
USHR11737936,Performance/Ensemble/Ensemble Section/Wind Section,No Winds
USHR11738188,Performance/Ensemble/Ensemble Section,Choir
USHR11738188,Performance/Performer/Intensity,Heavy
USWD11569822,Anatomy/Rhythm & Time/Beat Placement,On The Beat
USWD11569822,Performance/Ensemble/Ensemble Section,Wind Section
USWD11569822,Performance/Instrument/Wind,Bassoon
USWD11569822,Performance/Instrument/Wind,Trombone
USWD11569822,Performance/Voice/Vocal Range/High Vocal Range,Soprano Voice
USHR11738188,Anatomy/Rhythm & Time/Beat Placement,On The Beat
USHR11738188,Energy/Emotion/Attitude,Dramatic
USHR11738188,Energy/Sound Color,Full
USHR11738188,Genre/Rock,Alternative Rock
USHR11738188,Lyrics/Lyric Theme/Conflict/Shame,Guilt
USWD10935875,Lyrics/Lyric Theme,Family
USWD10935875,Lyrics/Lyric Theme/Feelings,Gratitude
USWD10320942,Energy/Sound Color,Full
USWD10320942,Performance/Ensemble/Ensemble Section,Percussion
USWD10320942,Performance/Instrument,Percussion
USWD10320942,Performance/Voice/Background Vocals,Mixed Backgrounds
USHR11838412,Genre/Pop,Modern Pop
USHR11838412,Performance/Ensemble/Ensemble Configuration,Pop Band
USHR11838412,Performance/Instrument/Drum Set,Sampled Drums
USHR11838412,Performance/Voice,Background Vocals
USHR11536621,Energy/Emotion/Attitude,Playful
USWD11783601,Application/Playlist/Time,Decade
USWD11783601,Energy/Intensity/Medium,Medium-High Intensity
USWD11783601,Energy/Sound Color,Full
USHR11737993,Application/Playlist,Time
USHR11737993,Performance/Voice/Vocal Range,Low Vocal Range
USWD11467130,Application/Playlist/Time/Decade,2010s
USWD11467130,Energy/Sound Color,Warm
USWD10322246,Energy/Emotion/Attitude,Lighthearted
USWD10322246,Performance/Ensemble/Ensemble Section/Wind Section,Has Winds
USWD10322246,Performance/Instrument/Wind,Brass
USWD10423008,Lyrics/Lyric Theme,Love
USWD10423008,Performance/Instrument/Percussion/Unpitched,Maracas
USWD10423008,Performance/Instrument/Strings/Plucked Strings,Banjo
USWD10423008,Performance/Voice/Vocal Arrangement,Double
USHR11737936,Application/Playlist/Time/Decade,2010s
USHR11737936,Energy/Emotion/Negative,Pained
USHR11737936,Lyrics/Lyric Theme/Love,Pain
USWD11677601,Energy/Emotion/Positive,Happy
USWD11677601,Application/Playlist,Activity
USWD11677601,Application/Playlist/Time,Decade
USWD11677601,Application/Playlist/Time/Decade,2010s
USWD11677601,Energy/Sound Color,Airy
USWD11677601,Performance/Ensemble/Ensemble Section/Wind Section,No Winds
USHR11536621,Application/Playlist,Time
USWD10322246,Performance/Instrument,Guitar
USHR11838412,Anatomy/Structure/Dynamic Shape,Steady
USHR11737993,Anatomy/Structure/Dynamic Shape,Dynamic
USWD11785324,Performance/Instrument/Percussion/Percussion Section,Orchestral Percussion
USWD11467130,Lyrics/Lyric Language/Indo-European,English
USWD11467130,Lyrics/Lyric Theme/Conflict/Shame,Insecure
USWD10322246,Lyrics/Lyric Theme/Feelings/Confidence,Heroism
USWD11569822,Lyrics/Lyric Theme/Feelings,Gratitude
USHR11435914,Energy/Emotion,Positive
USHR11435914,Performance/Ensemble/Ensemble Section,Percussion
USHR11435914,Performance/Voice/Vocal Ensemble,Choir
USWD10110145,Application/Version,Clean
USWD10110145,Lyrics/Lyric Theme,Spiritual
USWD10110145,Performance/Performer/Intensity,Light
USHR11435914,Lyrics/Lyric Mood,Hopeful
USHR11435914,Origin/Relevant Location/North America,United States
USWD11992478,Application/Version,Studio Version
USWD11992478,Genre/Rock/Early Rock,Rock n Roll
USWD11992478,Lyrics/Lyric Theme,Family
USWD11992478,Performance/Instrument/Guitar,Electric Guitar
USWD11992478,Performance/Voice/Vocal Technique,Harmonizing
USWD10936421,Anatomy/Structure/Structural Complexity,Complex Structure
USWD11783601,Lyrics/Lyric Theme,Love
USWD11783601,Lyrics/Lyric Theme/Love,Pain
USHR11737993,Lyrics/Lyric Language/Indo-European,English
USHR11334762,Origin/Relevant Location/North America,United States
USHR11334762,Performance/Ensemble/Ensemble Section,String Section
USHR11637258,Anatomy/Rhythm & Time/Tempo/Speed,Medium
USHR11637258,Genre,Electronic
USHR11637258,Origin/Relevant Location,North America
USHR11637258,Performance/Instrument/Instrument Effect,Compression
USWD10423008,Anatomy/Harmony/Mode,Major
USWD10423008,Performance/Instrument,Percussion
USWD10423008,Performance/Instrument,Drum Set
USWD10935875,Anatomy/Rhythm & Time/Meter,Simple
USWD10935875,Anatomy/Rhythm & Time/Tempo/Persistent Pulse,Steady
USWD10935875,Performance/Instrument/Guitar,Acoustic Guitar
USHR11737936,Anatomy/Harmony/Root,E
USHR11738188,Energy/Emotion,Negative
USHR11738188,Performance/Ensemble/Ensemble Section/String Section,No Strings
USWD11569822,Application/Playlist/Time,Decade
USHR11738188,Performance/Instrument/Bass,Electric Bass Guitar
USHR11738188,Performance/Instrument/Instrument Effect,Compression
USHR11738188,Performance/Voice/Background Vocals,Male Backgrounds
USWD10935875,Anatomy/Rhythm & Time/Rhythmic Feel,Simple Feel
USWD10935875,Performance/Voice/Vocal Ensemble/Small Vocal Ensemble,Vocal Duet
USWD10320942,Origin/Relevant Location/North America,United States
USWD10320942,Performance/Instrument,Strings
USHR11838412,Lyrics/Lyric Theme/Conflict,Shame
USHR11838412,Lyrics/Lyric Theme/Conflict/Shame,Anxious
USHR11838412,Performance/Instrument/Guitar,Electric Guitar
USHR11838412,Performance/Instrument/Instrument Effect,Compression
USHR11838412,Performance/Voice/Background Vocals,Male Backgrounds
USHR11536621,Anatomy/Rhythm & Time/Rhythmic Feel,Pulsating
USHR11536621,Anatomy/Structure/Structural Complexity,Simple Structure
USHR11536621,Application/Version,Studio Version
USWD10320942,Energy/Emotion/Positive,Exciting
USHR11737993,Energy/Emotion/Positive,Contented
USHR11737993,Performance/Instrument/Instrument Effect,Distortion
USWD11467130,Application/Playlist/Time,Decade
USWD11467130,Origin/Relevant Location,North America
USWD10322246,Performance/Ensemble/Ensemble Size,Large Ensemble Size
USWD10423008,Energy/Emotion,Attitude
USWD10423008,Energy/Intensity,Low
USWD10423008,Energy/Sound Color,Smooth
USWD10423008,Lyrics/Lyric Theme/Consciousness,Mentality
USWD10423008,Origin/Applicable Dates/Originally Released Date,10/18/67
USWD10423008,Performance/Instrument/Strings,Bowed Strings
USWD10423008,Performance/Voice/Background Vocals,Child Backgrounds
USHR11737936,Application/Playlist/Time,Decade
USHR11737936,Lyrics/Lyric Theme/Conflict/Shame,Worry
USWD11677601,Performance/Voice/Vocal Range,High Vocal Range
USWD11677601,Anatomy/Rhythm & Time/Rhythmic Feel,Pulsating
USWD11677601,Lyrics/Lyric Theme/Feelings,Intention
USWD11677601,Lyrics/Lyric Theme/Feelings/Confidence,Ambition
USWD11677601,Origin/Applicable Dates/Originally Released Date,11/18/16
USWD10322246,Energy/Emotion/Positive,Happy
USHR11838412,Performance/Ensemble/Ensemble Section,String Section
USHR11737993,Anatomy/Rhythm & Time/BPM,97.89
USWD11785324,Application/Playlist,Time
USWD11785324,Genre/Classical,20th Century
USWD11785324,Performance/Voice/Vocal Range,None
USWD11467130,Anatomy/Structure/Dynamic Shape,Dynamic
USWD11467130,Lyrics/Lyric Theme,Love
USWD11569822,Lyrics/Lyric Theme,Feelings
USWD10110145,Anatomy/Rhythm & Time/Rhythmic Feel,Simple Feel
USWD10110145,Application/Playlist/Activity,Celebration
USWD10110145,Application/Playlist/Time/Decade,1990s
USWD10110145,Origin/Relevant Location,Europe
USWD10110145,Performance/Ensemble/Ensemble Section/Choir,Has Choir
USHR11435914,Application/Playlist,Mood
USHR11435914,Application/Playlist,Theme
USHR11435914,Performance/Instrument,Synthesizer
USHR11435914,Performance/Instrument/Instrument Effect,Filtering
USHR11435914,Performance/Instrument/Keyboard,Electric Piano
USHR11435914,Performance/Voice/Vocal Technique,Harmonizing
USWD11992478,Anatomy/Rhythm & Time/Tempo/Speed,Slow
USWD11992478,Lyrics/Lyric Theme/Family/Family Member,Children
USWD11992478,Origin/Relevant Location,North America
USWD11992478,Performance/Voice,Vocal Ensemble
USWD10936421,Anatomy/Rhythm & Time/BPM,92.81
USWD10936421,Anatomy/Rhythm & Time/Rhythmic Feel,Simple Feel
USWD10936421,Anatomy/Rhythm & Time/Tempo/Speed,Slow
USWD10936421,Anatomy/Structure/Structural Complexity/Complex Structure,Developing
USWD10936421,Performance/Ensemble/Ensemble Section,Choir
USWD10936421,Performance/Ensemble/Ensemble Section/String Section,Has Strings
USWD10936421,Performance/Instrument,Piano
USWD11783601,Anatomy/Rhythm & Time/BPM,128.96
USWD11783601,Lyrics/Lyric Theme/Love/Commitment,Us Against The World
USHR11334762,Anatomy/Rhythm & Time/BPM,139.96
USHR11334762,Anatomy/Structure/Dynamic Shape,Dynamic
USHR11334762,Performance/Voice/Lead Vocals,Female
USHR11637258,Energy/Emotion,Positive
USHR11637258,Lyrics/Lyric Theme/Love/Obsession,Can't Get Over
USHR11637258,Performance/Ensemble/Ensemble Section,Choir
USWD10935875,Energy/Emotion/Attitude,Sentimental
USWD10935875,Performance/Ensemble/Ensemble Section/Percussion,No Percussion
USHR11737936,Anatomy/Rhythm & Time/Tempo,Persistent Pulse
USHR11738188,Anatomy/Structure/Dynamic Shape,Steady
USHR11738188,Performance/Ensemble/Ensemble Section,Percussion
USHR11738188,Performance/Voice/Vocal Range,Low Vocal Range
USWD11569822,Performance/Ensemble/Ensemble Size,Large Ensemble Size
USWD11569822,Performance/Voice/Lead Vocals,Female
USHR11738188,Energy/Sound Color,Harsh
USHR11738188,Lyrics/Lyric Theme/Conflict/Stress,Breakdown
USHR11738188,Lyrics/Lyric Theme/Conflict/Stress,Difficult
USHR11738188,Performance/Instrument/Instrument Effect,Reverb
USWD10935875,Anatomy/Structure/Form,Song Form
USWD10935875,Energy/Intensity/Medium,Medium Intensity
USWD10935875,Energy/Sound Color,Bright
USWD10935875,Lyrics/Lyric Theme/Love/Non-Romantic,Platonic
USWD10935875,Origin/Relevant Location,North America
USWD10935875,Origin/Relevant Location/North America,United States
USWD10935875,Performance/Voice/Lead Vocals,Male
USWD10320942,Anatomy/Structure/Form,Song Form
USWD10320942,Energy/Sound Color,Bright
USWD10320942,Lyrics/Lyric Theme/Feelings/Happiness,Sweet
USHR11838412,Performance/Instrument/Instrument Effect,Reverb
USHR11536621,Lyrics/Lyric Theme/Love,Temptation
USHR11536621,Performance/Instrument/Instrument Effect,Filtering
USWD11783601,Anatomy/Structure/Form,Song Form
USWD11783601,Performance/Instrument,Bass
USHR11737993,Anatomy/Rhythm & Time/Rhythmic Feel,Simple Feel
USHR11737993,Energy/Sound Color,Bright
USHR11737993,Performance/Voice/Lead Vocals,Male
USWD11467130,Genre/Pop,Modern Pop
USWD11467130,Performance/Instrument/Strings,Cello
USWD11467130,Performance/Voice/Lead Vocals,Female
USWD10322246,Origin/Relevant Location,North America
USWD10423008,Anatomy/Structure/Structural Complexity,Simple Structure
USWD10423008,Energy/Emotion,Positive
USWD10423008,Energy/Sound Color,Soft
USWD10423008,Genre,Jazz
USWD10423008,Lyrics/Lyric Theme/Conflict/Stress,Problems
USHR11737936,Lyrics/Lyric Theme/Conflict/Shame,Pain
USHR11737936,Lyrics/Lyric Theme/Love/Breakup,Lost
USHR11737936,Lyrics/Lyric Theme/Love/Pain,Unfair
USHR11737936,Origin/Relevant Location,North America
USWD10423008,Performance/Ensemble/Ensemble Section/String Section,No Strings
USWD11677601,Application/Playlist/Activity,Karaoke/Sing-Along
USWD11677601,Energy/Emotion/Attitude,Anthemic
USWD11677601,Performance/Instrument/Instrument Effect,Compression
USWD11677601,Performance/Instrument/Instrument Effect,Delay
USHR11536621,Performance/Instrument,Percussion
USWD10322246,Anatomy/Rhythm & Time/Tempo,Changing Pulse
USWD10322246,Energy/Emotion,Positive
USWD10322246,Performance/Ensemble/Ensemble Section,String Section
USWD10322246,Performance/Ensemble/Ensemble Section/Percussion,Has Percussion
USHR11536621,Energy/Emotion/Positive,Optimistic
USWD11785324,Energy/Emotion/Positive,Sweet
USWD11785324,Performance/Ensemble/Ensemble Section,Wind Section
USWD11569822,Anatomy/Rhythm & Time/Meter/Compound,6
USWD11569822,Energy/Emotion,Positive
USWD11569822,Lyrics/Lyric Theme/Body Parts,Heart
USHR11435914,Anatomy/Rhythm & Time/Tempo/Persistent Pulse,Steady
USWD10110145,Anatomy/Rhythm & Time/Tempo/Persistent Pulse,Steady
USWD10110145,Energy/Intensity/Low,Low Intensity
USHR11435914,Application/Media/Media Evocation,Drama
USHR11435914,Lyrics/Lyric Theme/Spiritual,Place
USWD11992478,Anatomy/Harmony/Root,A
USWD11992478,Anatomy/Structure/Dynamic Shape,Dynamic
USWD11992478,Performance/Ensemble/Ensemble Section,Choir
USWD11992478,Performance/Ensemble/Ensemble Section/String Section,Has Strings
USWD11992478,Performance/Ensemble/Ensemble Section/Wind Section,No Winds
USWD11992478,Performance/Instrument/Bass,Electric Bass Guitar
USWD11992478,Performance/Instrument/Strings,Harp
USWD11992478,Performance/Voice/Vocal Arrangement,Alternating
USWD11992478,Performance/Voice/Vocal Ensemble,Choir
USWD10936421,Performance/Instrument/Percussion,Percussion Section
USWD11783601,Anatomy/Harmony/Root,D
USWD11783601,Performance/Ensemble/Ensemble Section,Choir
USWD11783601,Performance/Ensemble/Ensemble Section/Percussion,Has Percussion
USHR11334762,Application/Playlist,Time
USHR11334762,Energy/Emotion/Attitude,Dreamy
USHR11334762,Energy/Emotion/Positive,Romantic
USHR11334762,Genre,Electronic
USHR11334762,Lyrics/Lyric Theme/Love,Romantic
USHR11637258,Application/Playlist/Activity,Dancing
USHR11637258,Application/Playlist/Activity,Karaoke/Sing-Along
USHR11637258,Energy/Sound Color,Mechanical
USHR11637258,Lyrics/Lyric Theme,Love
USHR11637258,Lyrics/Lyric Theme/Love,Pain
USHR11637258,Lyrics/Lyric Theme/Love/Pain,Unfaithful
USHR11637258,Performance/Instrument,Instrument Effect
USHR11637258,Performance/Performer/Intensity,Medium
USHR11738188,Performance/Ensemble/Ensemble Section/Percussion,Has Percussion
USWD11569822,Performance/Instrument/Strings,Double Bass
USHR11738188,Application/Version,Studio Version
USHR11738188,Lyrics/Lyric Theme/Conflict,Contempt
USHR11738188,Lyrics/Lyric Theme/Conflict/Stress,Trapped
USWD10935875,Anatomy/Rhythm & Time/Beat Placement,On The Beat
USWD10935875,Lyrics/Lyric Theme/Family,Family Life
USWD10935875,Performance/Instrument/Strings/Harp,Concert Harp
USHR11838412,Performance/Instrument/Percussion,Unpitched
USHR11536621,Anatomy/Harmony/Root,C
USHR11536621,Application/Playlist/Mood,Energized
USHR11536621,Energy/Sound Color,Airy
USHR11536621,Energy/Sound Color,Bright
USHR11737936,Energy/Intensity/Medium,Striding
USWD11783601,Performance/Instrument/Wind,Brass
USHR11737993,Anatomy/Harmony/Root,Ab/G#
USHR11737993,Anatomy/Structure/Form,Song Form
USHR11737993,Performance/Voice/Background Vocals,Male Backgrounds
USWD11467130,Energy/Emotion/Attitude,Dramatic
USWD11467130,Energy/Sound Color,Balanced
USWD10322246,Performance/Ensemble/Ensemble Section,Choir
USWD10322246,Performance/Ensemble/Ensemble Section/String Section,Has Strings
USWD10423008,Anatomy/Rhythm & Time/BPM,103.05
USWD10423008,Energy/Emotion/Positive,Contented
USWD10423008,Energy/Intensity,Medium
USWD10423008,Lyrics/Lyric Theme,Feelings
USWD10423008,Lyrics/Lyric Theme,Motion
USWD10423008,Lyrics/Lyric Theme/Conflict/Shame,Forget
USWD10423008,Lyrics/Lyric Theme/Feelings,Happiness
USWD10423008,Origin/Relevant Location,North America
USWD10423008,Performance/Ensemble/Ensemble Section/String Section,Has Strings
USHR11737936,Application/Version,Album Version
USHR11737936,Performance/Instrument/Instrument Effect,Delay
USHR11737936,Performance/Voice/Vocal Effect,Voice Effects
USWD11677601,Anatomy/Structure/Dynamic Shape,Dynamic
USWD11677601,Anatomy/Rhythm & Time/Beat Placement,On The Beat
USWD11677601,Lyrics/Lyric Theme/Feelings/Confidence,Individuality
USHR11536621,Anatomy/Arrangement,Voice & Music
USHR11536621,Anatomy/Rhythm & Time/BPM,114.15
USHR11536621,Performance/Ensemble/Ensemble Section/Percussion,Has Percussion
USHR11838412,Anatomy/Rhythm & Time/Meter,Simple
USHR11838412,Anatomy/Rhythm & Time/Tempo/Persistent Pulse,Steady
USHR11838412,Performance/Ensemble/Ensemble Section/Percussion,Has Percussion
USHR11838412,Performance/Ensemble/Ensemble Section/String Section,No Strings
USHR11737993,Anatomy/Arrangement,Voice & Music
USWD11785324,Anatomy/Rhythm & Time/Rhythmic Feel,Rubato
USWD11785324,Performance/Ensemble/Ensemble Configuration,Orchestra
USWD11785324,Performance/Instrument/Wind,Wind
USWD10322246,Lyrics/Lyric Theme/Feelings/Confidence,Motivation
USWD11569822,Anatomy/Arrangement,Voice & Music
USWD11569822,Lyrics/Lyric Language/Indo-European,English
USWD11569822,Lyrics/Lyric Theme/Love,Pain
USWD11569822,Performance/Instrument,Percussion
USHR11435914,Performance/Ensemble/Ensemble Configuration,Pop Band
USHR11435914,Performance/Voice,Vocal Ensemble
USWD10320942,Energy/Emotion,Positive
USWD10110145,Application/Playlist/Activity,Karaoke/Sing-Along
USWD10110145,Application/Playlist/Mood,Inspiring
USWD10110145,Performance/Ensemble/Ensemble Section/Percussion,Has Percussion
USWD10110145,Performance/Instrument,Bass
USWD10110145,Performance/Instrument/Bass,Electric Bass Guitar
USHR11435914,Anatomy/Structure/Form,Song Form
USHR11435914,Lyrics/Lyric Technique,First-Person
USHR11435914,Lyrics/Lyric Theme/Spiritual/Place,Heaven
USHR11435914,Origin/Applicable Dates/Originally Released Date,4/14/15
USHR11435914,Performance/Instrument/Percussion/Unpitched,Tambourine
USHR11435914,Performance/Instrument/Synthesizer/Synthesizer Part,Synth Bass
USHR11435914,Performance/Voice/Vocal Effect,Voice Effects
USWD11992478,Lyrics/Lyric Language/Indo-European,English
USWD11992478,Lyrics/Lyric Theme,Motion
USWD10936421,Anatomy/Arrangement,Instrumental
USWD10936421,Anatomy/Harmony/Mode,Major
USWD10936421,Genre/Classical,Classical Crossover
USWD11783601,Anatomy/Rhythm & Time/Meter/Simple,4
USWD11783601,Lyrics/Lyric Theme/Love/Romantic,Affection
USHR11737993,Lyrics/Lyric Theme,Time
USHR11334762,Anatomy/Rhythm & Time/Rhythmic Feel,Groovy Feel
USHR11334762,Application/Playlist,Mood
USHR11334762,Application/Playlist/Mood,Confident
USHR11334762,Energy/Emotion,Positive
USHR11334762,Genre/R&B,Contemporary R&B
USHR11334762,Lyrics/Lyric Theme/Love/Obsession,Infatuated
USHR11637258,Energy/Intensity/Medium,Medium-High Intensity
USHR11637258,Genre/Pop,Modern Pop
USHR11637258,Performance/Ensemble/Ensemble Section,Wind Section
USHR11637258,Performance/Ensemble/Ensemble Timbre,Electronic/Synthetic
USHR11637258,Performance/Voice,Vocal Effect
USWD10935875,Performance/Ensemble/Ensemble Section/Choir,No Choir
USWD10935875,Performance/Ensemble/Ensemble Section/String Section,No Strings
USHR11737936,Anatomy/Arrangement,Voice & Music
USHR11737936,Performance/Ensemble/Ensemble Section,String Section
USHR11737936,Performance/Ensemble/Ensemble Section,Wind Section
USHR11738188,Performance/Ensemble/Ensemble Section/Choir,No Choir
USHR11738188,Performance/Ensemble/Ensemble Section/Wind Section,No Winds
USWD11569822,Application/Function/Media Music,Soundtrack
USWD11569822,Application/Playlist/Time/Decade,2010s
USWD11569822,Energy/Intensity/Medium,Medium-Low Intensity
USWD11569822,Performance/Instrument/Percussion,Percussion Section
USWD10935875,Energy/Emotion/Positive,Happy
USWD10935875,Lyrics/Lyric Theme/Family/Family Member,Daughter
USWD10935875,Lyrics/Lyric Theme/Love,Non-Romantic
USWD10320942,Anatomy/Rhythm & Time/Rhythmic Feel,Duple Feel
USWD10320942,Anatomy/Structure/Structural Complexity,Simple Structure
USWD10320942,Performance/Ensemble/Ensemble Configuration,Orchestra
USHR11838412,Lyrics/Lyric Theme,Spiritual
USHR11838412,Lyrics/Lyric Theme,Conflict
USHR11838412,Performance/Performer/Intensity,Medium
USHR11536621,Application/Playlist,Activity
USHR11536621,Application/Playlist/Activity,Celebration
USHR11536621,Application/Playlist/Mood,Swagger
USHR11536621,Lyrics/Lyric Theme/Love,Romantic
USHR11536621,Performance/Voice/Lead Vocals,Female
USWD10322246,Application/Function/Media Music,Soundtrack
USWD10320942,Anatomy/Rhythm & Time/BPM,160.16
USWD10320942,Performance/Ensemble/Ensemble Section/Wind Section,No Winds
USWD11783601,Genre,Pop
USWD11783601,Performance/Ensemble/Ensemble Size,Large Ensemble Size
USWD11783601,Performance/Instrument,Wind
USWD11783601,Performance/Instrument/Guitar,Acoustic Guitar
USWD11783601,Performance/Instrument/Percussion,Percussion Section
USWD11783601,Performance/Instrument/Percussion/Percussion Section,Orchestral Percussion
USWD11783601,Performance/Instrument/Wind,Reed
USHR11737993,Origin/Relevant Location/North America,United States
USHR11737993,Performance/Instrument/Instrument Effect,Feedback
USWD11467130,Performance/Ensemble/Ensemble Timbre,Acoustic
USWD10322246,Energy/Intensity,Medium
USWD10423008,Performance/Ensemble/Ensemble Section/Wind Section,Has Winds
USWD10423008,Performance/Ensemble/Ensemble Timbre,Acoustic
USWD10423008,Performance/Instrument/Wind,Clarinet
USHR11737936,Application/Playlist/Activity,Hanging Out
USHR11737936,Lyrics/Lyric Theme/Love/Pain,Heartache
USHR11737936,Performance/Instrument,Instrument Effect
USHR11737936,Performance/Instrument/Instrument Effect,Reverse
USHR11737936,Performance/Voice/Vocal Range/High Vocal Range,Soprano Voice
USWD11677601,Anatomy/Harmony/Mode,Major
USWD11677601,Anatomy/Rhythm & Time/BPM,121.28
USWD11677601,Anatomy/Rhythm & Time/Tempo/Speed,Medium
USWD11677601,Application/Playlist,Time
USWD11677601,Lyrics/Lyric Theme,Feelings
USHR11637258,Energy/Emotion/Positive,Optimistic
USHR11536621,Anatomy/Rhythm & Time/Tempo/Speed,Medium
USHR11536621,Performance/Voice/Vocal Range,High Vocal Range
USWD10322246,Anatomy/Harmony/Mode,Major
USWD10322246,Performance/Ensemble/Ensemble Section,Wind Section
USHR11838412,Energy/Emotion/Positive,Happy
USHR11737993,Anatomy/Rhythm & Time/Tempo/Persistent Pulse,Steady
USHR11737993,Anatomy/Rhythm & Time/Tempo/Speed,Medium
USHR11737993,Energy/Intensity/Medium,Striding
USHR11737993,Performance/Ensemble/Ensemble Section/Choir,No Choir
USWD11785324,Application/Playlist,Theme
USWD11785324,Application/Playlist/Time,Decade
USWD11785324,Application/Playlist/Time/Decade,2000s
USWD11785324,Energy/Emotion/Positive,Romantic
USWD11785324,Origin/Relevant Location,North America
USWD11785324,Performance/Ensemble/Ensemble Section/Wind Section,Has Winds
USWD11467130,Anatomy/Rhythm & Time/Meter/Simple,4
USWD11569822,Performance/Ensemble/Ensemble Section,Choir
USHR11435914,Performance/Ensemble/Ensemble Section/Choir,Has Choir
USWD10320942,Performance/Ensemble/Ensemble Section/String Section,No Strings
USWD10110145,Anatomy/Structure/Structural Complexity,Simple Structure
USWD10110145,Application/Playlist,Theme
USWD10110145,Application/Playlist/Time,Decade
USHR11435914,Anatomy/Production,Reverberant
USHR11435914,Energy/Intensity/High,High Intensity
USHR11435914,Performance/Voice/Background Vocals,Mixed Backgrounds
USHR11435914,Performance/Voice/Vocal Effect,Autotune
USWD11992478,Anatomy/Rhythm & Time/Rhythmic Feel,Triple Feel
USWD11992478,Application/Playlist/Time/Decade,2010s
USWD11992478,Genre,Pop
USWD11992478,Genre/Rock,Early Rock
USWD11992478,Lyrics/Lyric Theme,Feelings
USWD11992478,Performance/Ensemble/Ensemble Timbre,Electric
USWD11992478,Performance/Instrument,Piano
USWD10936421,Anatomy/Harmony/Root,F
USWD10936421,Application/Function/Media Music,Score
USWD10936421,Application/Version,Studio Version
USWD10936421,Energy/Emotion,Positive
USWD11783601,Genre,Latin
USWD11783601,Lyrics/Lyric Theme/Love/Pain,Farewell
USHR11334762,Application/Version,Studio Version
USHR11334762,Genre/Electronic/Experimental Electronic,Glitch
USHR11334762,Lyrics/Lyric Theme/Objects,Musical Instrument
USHR11637258,Anatomy/Rhythm & Time/BPM,101.01
USHR11637258,Application/Playlist,Activity
USHR11637258,Application/Playlist/Activity,Hanging Out
USHR11637258,Energy/Emotion,Attitude
USHR11637258,Lyrics/Lyric Theme/Love,Romantic
USWD10423008,Anatomy/Harmony/Root,C
USWD10935875,Anatomy/Structure/Dynamic Shape,Dynamic
USWD10935875,Performance/Ensemble/Ensemble Configuration,Folk Band
USHR11334762,Energy/Emotion/Positive,Uplifting
USHR11737936,Performance/Voice/Vocal Range,High Vocal Range
USHR11738188,Anatomy/Arrangement,Voice & Music
USHR11738188,Anatomy/Rhythm & Time/Meter,Compound
USHR11738188,Performance/Ensemble/Ensemble Section,String Section
USHR11738188,Performance/Ensemble/Ensemble Timbre,Electronic/Synthetic
USWD11569822,Anatomy/Structure/Form,Song Form
USWD10935875,Anatomy/Rhythm & Time/Tempo/Speed,Medium Fast
USWD10935875,Genre,Pop
USWD10935875,Performance/Instrument,Strings
USWD10320942,Energy/Emotion/Positive,Uplifting
USWD10320942,Lyrics/Lyric Language/Indo-European,English
USWD10320942,Performance/Instrument,Bass
USWD10320942,Performance/Instrument/Guitar,Acoustic Guitar
USWD10320942,Performance/Instrument/Strings/Plucked Strings,Banjo
USWD10320942,Performance/Voice/Vocal Arrangement,Alternating
USWD10320942,Performance/Voice/Vocal Range,Low Vocal Range
USHR11838412,Anatomy/Rhythm & Time/Beat Placement,On The Beat
USHR11838412,Origin/Applicable Dates/Originally Released Date,5/16/18
USHR11838412,Performance/Instrument/Percussion/Unpitched,Tambourine
USHR11536621,Anatomy/Harmony/Mode,Minor
USHR11536621,Genre/Pop,Alternative Pop
USHR11536621,Performance/Instrument,Drum Set
USHR11536621,Performance/Instrument/Instrument Effect,Reverb
USHR11536621,Performance/Instrument/Synthesizer/Synthesizer Part,Synth Pad
USHR11536621,Performance/Voice,Vocal Effect
USWD11467130,Application/Function,Media Music
USWD11783601,Application/Playlist/Time/Decade,2010s
USWD11783601,Energy/Emotion,Attitude
USWD11783601,Energy/Emotion/Positive,Exciting
USWD11783601,Performance/Ensemble/Ensemble Section,Wind Section
USWD11783601,Performance/Ensemble/Ensemble Section/Wind Section,Has Winds
USWD11783601,Performance/Ensemble/Ensemble Timbre,Acoustic
USHR11737993,Anatomy/Rhythm & Time/Rhythmic Feel,Pulsating
USWD11467130,Performance/Ensemble/Ensemble Section/Choir,No Choir
USWD10322246,Performance/Ensemble/Ensemble Section/Choir,Has Choir
USWD10322246,Performance/Instrument,Bass
USWD10322246,Performance/Instrument,Wind
USWD10322246,Performance/Voice,Vocal Ensemble
USWD10423008,Application/Playlist,Theme
USWD10423008,Energy/Intensity/Medium,Medium-High Intensity
USWD10423008,Energy/Sound Color,Full
USWD10423008,Lyrics/Lyric Theme,Conflict
USWD10423008,Lyrics/Lyric Theme/Feelings/Happiness,Carefree
USWD10423008,Performance/Instrument/Strings/Plucked Strings/Banjo,Tenor Banjo
USWD10423008,Performance/Instrument/Wind,Trumpet
USHR11737936,Anatomy/Harmony/Mode,Minor
USHR11737936,Anatomy/Rhythm & Time/BPM,62
USHR11737936,Anatomy/Structure/Form,Song Form
USHR11737936,Energy/Sound Color,Fluid
USHR11737936,Lyrics/Lyric Theme/Conflict,Shame
USHR11737936,Performance/Instrument/Synthesizer/Synthesizer Part,Synth Bass
USWD11992478,Anatomy/Rhythm & Time/BPM,68.7
USWD11677601,Performance/Instrument/Instrument Effect,Filtering
USHR11637258,Energy/Intensity/Medium,Striding
USHR11536621,Application/Playlist/Time,Time Of Year/Season
USHR11536621,Lyrics/Lyric Theme,Elements
USHR11536621,Performance/Ensemble/Ensemble Section,Percussion
USHR11536621,Performance/Ensemble/Ensemble Section,Wind Section
USWD10322246,Performance/Ensemble/Ensemble Section/String Section,No Strings
USWD10322246,Performance/Voice/Vocal Range,High Vocal Range
USHR11737993,Anatomy/Harmony/Root,B
USHR11737993,Anatomy/Rhythm & Time/Meter,Simple
USHR11737993,Performance/Ensemble/Ensemble Configuration,Pop Band
USHR11737993,Performance/Ensemble/Ensemble Section,String Section
USHR11737993,Performance/Ensemble/Ensemble Section/Wind Section,No Winds
USWD11785324,Performance/Ensemble/Ensemble Section,Percussion
USWD11785324,Performance/Instrument,Percussion
USWD11785324,Energy/Intensity,High
USWD11569822,Anatomy/Rhythm & Time/Meter,Compound
USWD11569822,Performance/Ensemble/Ensemble Section,Percussion
USHR11435914,Anatomy/Rhythm & Time/Tempo,Persistent Pulse
USHR11435914,Anatomy/Structure/Dynamic Shape,Dynamic
USWD10320942,Anatomy/Rhythm & Time/Tempo/Speed,Fast
USWD10110145,Performance/Instrument,Synthesizer
USHR11435914,Performance/Instrument/Percussion,Unpitched
USHR11435914,Performance/Performer/Intensity,Medium
USWD11992478,Anatomy/Arrangement,Voice & Music
USWD11992478,Anatomy/Rhythm & Time/Tempo,Changing Pulse
USWD11992478,Performance/Instrument,Instrument Effect
USWD11992478,Performance/Instrument/Instrument Effect,Pitch Shifting
USWD11992478,Performance/Voice/Lead Vocals,Female
USWD10936421,Energy/Emotion,Attitude
USWD10936421,Energy/Emotion/Attitude,Lighthearted
USWD10936421,Lyrics/Lyric Language,None
USWD10936421,Performance/Ensemble/Ensemble Section,Wind Section
USWD10936421,Performance/Instrument,Bass
USWD10936421,Performance/Instrument/Percussion/Percussion Section,Orchestral Percussion
USWD10936421,Performance/Instrument/Wind,Brass
USWD11783601,Anatomy/Rhythm & Time/Meter,Simple
USWD11783601,Lyrics/Lyric Theme/Love,Commitment
USWD11783601,Performance/Ensemble/Ensemble Section,Percussion
USHR11334762,Anatomy/Harmony/Mode,Major
USHR11334762,Anatomy/Harmony/Root,D
USHR11334762,Anatomy/Rhythm & Time/Meter/Simple,4
USHR11334762,Application/Playlist/Time/Decade,2010s
USHR11334762,Energy/Emotion/Positive,Exciting
USHR11637258,Anatomy/Harmony/Root,C#/Db
USHR11637258,Performance/Instrument/Synthesizer/Synthesizer Part,Synth FX
USWD10423008,Anatomy/Rhythm & Time/Meter,Simple
USWD10935875,Energy/Emotion/Positive,Romantic
USWD10935875,Energy/Intensity/Low,Low Intensity
USHR11737936,Anatomy/Rhythm & Time/Tempo/Speed,Slow
USHR11738188,Energy/Intensity/High,Highest Intensity
USWD11569822,Anatomy/Structure/Structural Complexity,Simple Structure
USWD11569822,Energy/Emotion/Positive,Sweet
USWD11569822,Performance/Instrument/Wind,Oboe
USHR11738188,Lyrics/Lyric Theme/Conflict/Shame,Insecure
USHR11738188,Origin/Relevant Location,North America
USWD10935875,Application/Playlist/Time/Decade,2000s
USWD10935875,Lyrics/Lyric Theme,Feelings
USWD10935875,Lyrics/Lyric Theme/Feelings/Confidence,Support
USWD10935875,Lyrics/Lyric Theme/Feelings/Gratitude,Optimism
USWD10935875,Lyrics/Lyric Theme/Spiritual/Place,Dream
USWD10320942,Performance/Instrument,Drum Set
USHR11838412,Origin/Relevant Location/North America,United States
USHR11838412,Performance/Instrument,Drum Set
USHR11536621,Energy/Emotion/Positive,Exciting
USHR11536621,Energy/Sound Color,Full
USWD11783601,Energy/Emotion,Positive
USWD11783601,Energy/Sound Color,Crisp
USWD11783601,Performance/Instrument,Guitar
USHR11737993,Performance/Instrument/Instrument Effect,Panning
USHR11737993,Performance/Voice/Vocal Range/Low Vocal Range,Tenor Voice
USWD11467130,Anatomy/Structure/Structural Complexity,Simple Structure
USWD11467130,Energy/Intensity/Medium,Medium Intensity
USWD11467130,Origin/Relevant Location/North America,United States
USWD10322246,Application/Playlist/Time/Decade,1990s
USWD10322246,Energy/Emotion/Positive,Uplifting
USWD10322246,Energy/Sound Color,Bright
USWD10322246,Performance/Voice,Background Vocals
USWD11785324,Energy/Emotion/Positive,Uplifting
USWD10423008,Lyrics/Lyric Theme/Feelings/Intention,Living
USWD10423008,Performance/Ensemble/Ensemble Size,Large Ensemble Size
USHR11737936,Anatomy/Rhythm & Time/Rhythmic Feel,Simple Feel
USHR11737936,Lyrics/Lyric Theme,Conflict
USWD11677601,Anatomy/Rhythm & Time/Meter,Simple
USWD11677601,Anatomy/Rhythm & Time/Meter/Simple,4
USWD11677601,Performance/Ensemble/Ensemble Section,String Section
USWD11677601,Performance/Ensemble/Ensemble Timbre,Electric
USWD11677601,Lyrics/Lyric Theme/Feelings/Confidence,Courage
USWD11677601,Performance/Instrument/Synthesizer/Synthesizer Part,Synth FX
USWD11677601,Performance/Instrument/Synthesizer/Synthesizer Part,Synth Lead
USWD11677601,Energy/Intensity/Medium,Striding
USHR11536621,Anatomy/Structure/Dynamic Shape,Dynamic
USWD10322246,Performance/Instrument,Percussion
USHR11838412,Energy/Emotion/Positive,Optimistic
USWD11785324,Energy/Emotion,Attitude
USWD11785324,Lyrics/Lyric Theme,None
USWD11785324,Performance/Instrument/Percussion,Percussion Section
USWD11467130,Anatomy/Rhythm & Time/Tempo,Changing Pulse
USWD11467130,Lyrics/Lyric Theme/Conflict/Shame,Nervous
USWD11467130,Lyrics/Lyric Theme/Love/Pain,Heartache
USWD10322246,Lyrics/Lyric Theme,Feelings
USWD10322246,Lyrics/Lyric Theme/Feelings/Confidence,Resilient
USWD11569822,Anatomy/Rhythm & Time/Tempo,Changing Pulse
USWD11569822,Lyrics/Lyric Theme/Feelings/Gratitude,Wish
USWD10320942,Anatomy/Rhythm & Time/Tempo,Changing Pulse
USWD10320942,Performance/Voice/Vocal Range,High Vocal Range
USWD10110145,Anatomy/Rhythm & Time/Meter,Simple
USWD10110145,Energy/Emotion,Positive
USWD10110145,Performance/Ensemble/Ensemble Timbre,Electric
USWD10110145,Performance/Instrument/Guitar,Electric Guitar
USWD10110145,Performance/Instrument/Guitar/Electric Guitar,Pedal Steel Guitar
USHR11435914,Anatomy/Rhythm & Time/Beat Placement,On The Beat
USHR11435914,Performance/Instrument,Keyboard
USHR11435914,Performance/Instrument/Guitar,Electric Guitar
USWD11992478,Anatomy/Harmony/Mode,Major
USWD11992478,Energy/Emotion,Positive
USWD11992478,Energy/Sound Color,Balanced
USWD11992478,Lyrics/Lyric Theme/Feelings/Confidence,Support
USWD11992478,Performance/Ensemble/Ensemble Configuration,Orchestra
USWD11992478,Performance/Ensemble/Ensemble Configuration,Rock Band
USWD11992478,Performance/Performer/Intensity,Medium
USWD11992478,Performance/Voice/Vocal Range/High Vocal Range,Mezzo-soprano Voice
USWD11783601,Genre,Country
USWD11783601,Performance/Ensemble/Ensemble Section/Choir,No Choir
USWD11783601,Performance/Voice/Vocal Range,Low Vocal Range
USHR11334762,Lyrics/Lyric Theme/Love/Romantic,Being In
USHR11334762,Performance/Instrument,Percussion
USHR11637258,Performance/Ensemble/Ensemble Section/Choir,No Choir
USHR11637258,Performance/Voice/Vocal Range,High Vocal Range
USWD10935875,Performance/Ensemble/Ensemble Section,Percussion
USHR11737936,Performance/Instrument,Drum Machine
USHR11738188,Anatomy/Harmony/Root,C#/Db
USHR11738188,Anatomy/Rhythm & Time/Tempo/Speed,Fast
USHR11738188,Performance/Instrument,Guitar
USWD11569822,Energy/Intensity,Medium
USWD11569822,Performance/Instrument/Wind,Tuba
USHR11738188,Application/Playlist,Time
USHR11738188,Performance/Instrument,Bass
USHR11738188,Performance/Instrument/Drum Set,Sampled Drums
USWD10935875,Lyrics/Lyric Theme/Family/Family Member,Father
USWD10935875,Lyrics/Lyric Theme/Feelings/Confidence,Protect
USWD10935875,Lyrics/Lyric Theme/Spiritual,Place
USWD10935875,Performance/Instrument/Guitar/Electric Guitar,Pedal Steel Guitar
USWD10935875,Performance/Voice/Vocal Ensemble,Small Vocal Ensemble
USWD10320942,Application/Function/Media Music,Soundtrack
USWD10320942,Genre,Folk
USWD10320942,Origin/Relevant Location,Europe
USHR11838412,Performance/Instrument,Piano
USHR11536621,Application/Playlist/Mood,Feeling Good
USWD11783601,Application/Playlist,Theme
USWD11467130,Application/Playlist/Theme,Soundtrack
USWD11783601,Anatomy/Structure/Dynamic Shape,Steady
USWD11783601,Performance/Instrument/Wind,Wind
USHR11737993,Genre,Rock
USWD11467130,Energy/Sound Color,Full
USWD11467130,Performance/Voice/Vocal Range/High Vocal Range,Mezzo-soprano Voice
USWD10322246,Performance/Voice/Lead Vocals,Female
USWD10423008,Application/Version,Studio Version
USWD10423008,Lyrics/Lyric Theme/Motion/Action,Relax
USWD10423008,Performance/Instrument,Strings
USHR11738188,Energy/Intensity/High,Excessive
USHR11737936,Application/Playlist/Mood,Sad
USHR11737936,Genre,Pop
USHR11737936,Lyrics/Lyric Theme/Conflict/Shame,Afraid
USWD11677601,Performance/Instrument/Guitar,Electric Guitar
USWD11677601,Genre/Pop,Modern Pop
USWD11677601,Lyrics/Lyric Theme/Feelings,Gratitude
USWD11677601,Performance/Performer/Intensity,Medium
USHR11536621,Lyrics/Lyric Theme/Elements,Season
USHR11536621,Performance/Instrument,Guitar
USHR11838412,Energy/Intensity/Medium,Striding
USHR11838412,Performance/Ensemble/Ensemble Section,Percussion
USHR11838412,Performance/Ensemble/Ensemble Section,Wind Section
USHR11737993,Performance/Ensemble/Ensemble Section,Choir
USHR11737993,Performance/Instrument,Guitar
USHR11737993,Performance/Instrument,Percussion
USWD11785324,Performance/Instrument/Wind,Brass
USWD11785324,Performance/Instrument/Wind,Reed
USWD11467130,Performance/Voice/Vocal Range,High Vocal Range
USWD11569822,Performance/Ensemble/Ensemble Section/Percussion,Has Percussion
USWD11569822,Performance/Ensemble/Ensemble Timbre,Acoustic
USHR11435914,Anatomy/Harmony/Mode,Major
USHR11435914,Performance/Instrument,Percussion
USWD10110145,Lyrics/Lyric Theme,Family
USWD10110145,Lyrics/Lyric Theme/Family/Family Life,Birth
USWD10110145,Lyrics/Lyric Theme/Feelings/Intention,Compassion
USWD10110145,Origin/Applicable Dates/Originally Released Date,6/24/94
USWD10110145,Performance/Ensemble/Ensemble Section,Percussion
USWD10110145,Performance/Voice/Vocal Range,Low Vocal Range
USHR11435914,Anatomy/Rhythm & Time/Rhythmic Feel,Simple Feel
USHR11435914,Application/Playlist/Mood,Motivated
USHR11435914,Energy/Intensity/Medium,Medium-High Intensity
USHR11435914,Lyrics/Lyric Theme,Body Parts
USHR11435914,Performance/Voice/Lead Vocals,Female
USWD11992478,Anatomy/Rhythm & Time/BPM,68.6
USWD11992478,Energy/Emotion/Positive,Romantic
USWD11992478,Performance/Voice/Vocal Range,Low Vocal Range
USWD10936421,Performance/Ensemble/Ensemble Section/Choir,No Choir
USWD11783601,Anatomy/Harmony/Mode,Major
USHR11334762,Anatomy/Production,Reverberant
USHR11334762,Anatomy/Structure/Form,Song Form
USHR11334762,Anatomy/Structure/Structural Complexity,Simple Structure
USHR11334762,Energy/Intensity/Medium,Medium-High Intensity
USHR11334762,Genre/Electronic,Experimental Electronic
USHR11334762,Lyrics/Lyric Theme/Love/Romantic,Romance
USHR11334762,Performance/Ensemble/Ensemble Section,Percussion
USHR11334762,Performance/Ensemble/Ensemble Timbre,Electronic/Synthetic
USHR11334762,Performance/Voice/Vocal Range,High Vocal Range
USHR11637258,Application/Version,Studio Version
USWD10423008,Anatomy/Rhythm & Time/BPM,102.96
USWD10423008,Anatomy/Rhythm & Time/Meter/Simple,4
USHR11737936,Anatomy/Harmony/Mode,Major
USHR11738188,Genre/Rock,Metal
USWD11569822,Anatomy/Rhythm & Time/Rhythmic Feel,Simple Feel
USWD11569822,Application/Version,Studio Version
USWD11569822,Origin/Relevant Location/North America,United States
USHR11738188,Anatomy/Structure/Structural Complexity,Simple Structure
USHR11738188,Energy/Emotion,Attitude
USHR11738188,Energy/Emotion/Attitude,Serious
USHR11738188,Lyrics/Lyric Theme/Conflict,Stress
USHR11738188,Performance/Instrument,Synthesizer
USWD10935875,Performance/Ensemble/Ensemble Configuration,Voice & Accompaniment
USWD10935875,Performance/Instrument/Strings,Harp
USWD10320942,Anatomy/Structure/Dynamic Shape,Steady
USWD10320942,Energy/Emotion/Attitude,Playful
USWD10320942,Lyrics/Lyric Theme/Feelings/Confidence,Getting Over
USWD10320942,Lyrics/Lyric Theme/Objects/Food,Candy
USWD10320942,Performance/Instrument/Strings,Bowed Strings
USWD10320942,Performance/Instrument/Wind,Brass
USHR11838412,Application/Playlist,Time
USHR11838412,Lyrics/Lyric Theme/Conflict,Stress
USHR11536621,Application/Playlist/Mood,Happy
USHR11536621,Application/Version,Single Version
USHR11536621,Lyrics/Lyric Theme,Love
USHR11536621,Performance/Voice/Vocal Range/High Vocal Range,Mezzo-soprano Voice
USWD11783601,Application/Version,Studio Version
USWD11783601,Energy/Emotion/Positive,Uplifting
USWD11783601,Energy/Intensity,Medium
USWD11783601,Performance/Ensemble/Ensemble Section/String Section,Has Strings
USWD11783601,Performance/Instrument,Strings
USHR11737993,Origin/Relevant Location,North America
USHR11737993,Performance/Voice,Background Vocals
USWD11467130,Anatomy/Production,Reverberant
USWD11467130,Anatomy/Structure/Form/Song Form,Ballad
USWD10322246,Anatomy/Rhythm & Time/Tempo,Persistent Pulse
USWD10322246,Energy/Emotion/Attitude,Confident
USWD10423008,Performance/Instrument,Wind
USWD10423008,Performance/Instrument/Wind,Tuba
USHR11737936,Energy/Emotion/Attitude,Dreamy
USHR11737936,Lyrics/Lyric Theme,Love
USHR11737936,Lyrics/Lyric Theme/Conflict/Shame,Fragile
USHR11737936,Lyrics/Lyric Theme/Conflict/Stress,Burden
USWD11677601,Anatomy/Rhythm & Time/Tempo,Changing Pulse
USWD11677601,Anatomy/Rhythm & Time/Tempo/Speed,Fast
USWD11677601,Anatomy/Rhythm & Time/Rhythmic Feel,Groovy Feel
USWD11677601,Application/Playlist/Theme,Soundtrack
USWD11677601,Lyrics/Lyric Theme/Feelings/Confidence,Determination
USWD11677601,Performance/Instrument/Drum Set,Sampled Drums
USHR11536621,Application/Playlist/Time/Time Of Year/Season,Summer
USHR11536621,Performance/Ensemble/Ensemble Section/String Section,No Strings
USHR11838412,Anatomy/Rhythm & Time/Meter/Simple,4
USHR11838412,Anatomy/Rhythm & Time/Tempo/Speed,Medium
USHR11737993,Performance/Ensemble/Ensemble Section,Percussion
USHR11737993,Performance/Performer/Intensity,Light
USWD11785324,Energy/Emotion,Positive
USWD11785324,Genre,Classical
USWD11785324,Performance/Ensemble/Ensemble Size,Large Ensemble Size
USWD11467130,Anatomy/Rhythm & Time/Tempo/Speed,Slow
USWD11467130,Lyrics/Lyric Theme/Love/Romantic,Affection
USWD11467130,Performance/Ensemble/Ensemble Section/Percussion,No Percussion
USHR11435914,Energy/Emotion/Positive,Optimistic
USWD10320942,Genre,Rock
USWD10320942,Genre/Rock,Early Rock
USWD10110145,Application/Function/Media Music,Soundtrack
USWD10110145,Energy/Emotion/Positive,Blissful
USWD10110145,Performance/Ensemble/Ensemble Size,Large Ensemble Size
USHR11435914,Lyrics/Lyric Theme/Spiritual,Idea
USHR11435914,Performance/Ensemble/Ensemble Timbre,Electric
USWD11992478,Anatomy/Rhythm & Time/Rhythmic Feel,Simple Feel
USWD11992478,Application/Function/Media Music,Soundtrack
USWD11992478,Energy/Sound Color,Light
USWD11992478,Genre,Rock
USWD11992478,Lyrics/Lyric Theme/Feelings,Confidence
USWD11992478,Lyrics/Lyric Theme/Feelings,Intention
USWD11992478,Origin/Relevant Location/North America,United States
USWD11992478,Performance/Ensemble/Ensemble Section/Percussion,Has Percussion
USWD11992478,Performance/Instrument,Guitar
USWD10936421,Application/Playlist/Time/Decade,2000s
USWD10936421,Energy/Sound Color,Airy
USWD10936421,Performance/Ensemble/Ensemble Configuration,Orchestra
USWD10936421,Performance/Ensemble/Ensemble Section,Percussion
USWD10936421,Performance/Ensemble/Ensemble Timbre,Acoustic
USWD10936421,Performance/Instrument/Wind,Wind
USWD11783601,Genre/Country,Traditional Country
USWD11783601,Lyrics/Lyric Theme/Love/Commitment,Togetherness
USHR11334762,Anatomy/Rhythm & Time/Meter,Simple
USHR11334762,Anatomy/Rhythm & Time/Tempo,Persistent Pulse
USHR11334762,Energy/Emotion/Attitude,Quirky
USHR11334762,Performance/Ensemble/Ensemble Section,Choir
USHR11334762,Performance/Instrument,Synthesizer
USHR11637258,Anatomy/Rhythm & Time/Tempo,Persistent Pulse
USHR11637258,Lyrics/Lyric Theme/Love/Pain,Not My Type
USHR11637258,Performance/Ensemble/Ensemble Section,String Section
USHR11637258,Performance/Instrument/Synthesizer/Synthesizer Part,Synth Lead
USHR11737936,Performance/Ensemble/Ensemble Section,Choir
USHR11737936,Performance/Ensemble/Ensemble Section/String Section,No Strings
USHR11738188,Anatomy/Rhythm & Time/Meter/Compound,6
USHR11738188,Genre,Rock
USHR11738188,Performance/Ensemble/Ensemble Timbre,Electric
USWD11569822,Energy/Emotion,Attitude
USWD11569822,Energy/Intensity/Medium,Medium-High Intensity
USWD11569822,Origin/Relevant Location,North America
USWD11569822,Performance/Instrument/Percussion/Percussion Section,Orchestral Percussion
USWD11569822,Performance/Instrument/Strings,Harp
USWD11569822,Performance/Instrument/Wind,Clarinet
USHR11738188,Lyrics/Lyric Theme/Conflict/Shame,Pain
USHR11738188,Performance/Instrument/Instrument Effect,Distortion
USWD10935875,Performance/Instrument,Wind
USWD10320942,Application/Playlist,Time
USWD10320942,Performance/Instrument/Bass,Upright Bass
USWD10320942,Performance/Voice,Background Vocals
USHR11838412,Performance/Instrument,Guitar
USHR11536621,Application/Playlist/Activity,Party
USHR11536621,Lyrics/Lyric Theme/Love/Obsession,Infatuated
USHR11536621,Lyrics/Lyric Theme/Love/Romantic,Young
USWD10320942,Performance/Voice/Lead Vocals,Female
USWD11783601,Application/Playlist,Time
USWD11783601,Performance/Ensemble/Ensemble Configuration,Latin Band
USWD11783601,Performance/Voice/Lead Vocals,Male
USWD11783601,Performance/Voice/Vocal Range/Low Vocal Range,Baritone Voice
USHR11737993,Energy/Sound Color,Metallic
USHR11737993,Performance/Instrument,Instrument Effect
USHR11737993,Performance/Instrument/Synthesizer/Synthesizer Part,Synth FX
USWD11467130,Performance/Instrument/Strings,Viola
USWD10322246,Anatomy/Rhythm & Time/Rhythmic Feel,Groovy Feel
USWD10110145,Application/Function,Soundtrack
USWD10423008,Energy/Emotion/Attitude,Comical
USWD10423008,Origin/Relevant Location/North America,United States
USWD10423008,Performance/Instrument/Strings,Viola
USWD10320942,Anatomy/Rhythm & Time/BPM,158.26
USWD10320942,Energy/Intensity/High,High Intensity
USHR11737936,Lyrics/Lyric Theme/Conflict/Stress,Trapped
USHR11737936,Lyrics/Lyric Theme/Love/Pain,Risk
USWD11677601,Performance/Instrument/Instrument Effect,Reverb
USWD11677601,Performance/Voice/Vocal Range/High Vocal Range,Soprano Voice
USHR11536621,Anatomy/Rhythm & Time/Meter,Simple
USWD10322246,Performance/Ensemble/Ensemble Configuration,Rock Band
USHR11737993,Energy/Intensity,Medium
USWD11785324,Energy/Emotion/Attitude,Cinematic
USWD11785324,Performance/Instrument/Strings,Bowed Strings
USWD11785324,Performance/Voice/Lead Vocals,None
USWD11467130,Lyrics/Lyric Theme/Conflict,Shame
USWD11467130,Lyrics/Lyric Theme/Love,Obsession
USWD10322246,Lyrics/Lyric Theme/Feelings/Confidence,Success
USWD10322246,Lyrics/Lyric Theme/Feelings/Confidence,Determination
USWD11569822,Lyrics/Lyric Theme/Elements/Air,Rainbow
USWD11569822,Lyrics/Lyric Theme/Feelings,Confidence
USWD11569822,Lyrics/Lyric Theme/Spiritual/Place,Dream
USHR11435914,Anatomy/Rhythm & Time/Tempo/Speed,Fast
USHR11435914,Performance/Ensemble/Ensemble Section/Percussion,Has Percussion
USWD10320942,Performance/Ensemble/Ensemble Section/Choir,No Choir
USWD10110145,Energy/Emotion/Attitude,Majestic
USWD10110145,Genre,Pop
USWD10110145,Lyrics/Lyric Language/Indo-European,English
USWD10110145,Lyrics/Lyric Theme/Elements,Earth
USWD10110145,Lyrics/Lyric Theme/Elements/Earth,Nature
USHR11435914,Lyrics/Lyric Language/Indo-European,English
USHR11435914,Lyrics/Lyric Theme,Consciousness
USWD11992478,Lyrics/Lyric Theme/Feelings/Intention,Innocence
USWD11992478,Performance/Ensemble/Ensemble Size,Large Ensemble Size
USWD10936421,Genre,Jazz
USWD10936421,Performance/Instrument,Percussion
USWD10936421,Performance/Instrument/Wind,Reed
USWD11783601,Anatomy/Rhythm & Time/Tempo/Speed,Medium
USHR11737993,Energy/Intensity/Medium,Medium-High Intensity
USHR11737993,Lyrics/Lyric Theme/Feelings/Confidence,Success
USHR11334762,Anatomy/Rhythm & Time/Rhythmic Feel,Pulsating
USHR11334762,Genre,Pop
USHR11334762,Lyrics/Lyric Theme/Love/Romantic,Affection
USHR11334762,Performance/Ensemble/Ensemble Section,Wind Section
USHR11637258,Anatomy/Arrangement,Voice & Music
USHR11637258,Anatomy/Rhythm & Time/Rhythmic Feel,Pulsating
USHR11637258,Energy/Sound Color,Full
USWD10423008,Performance/Ensemble/Ensemble Section,Percussion
USWD10423008,Performance/Ensemble/Ensemble Section/Percussion,Has Percussion
USWD10935875,Anatomy/Harmony/Root,B
USWD10935875,Performance/Ensemble/Ensemble Section,String Section
USHR11334762,Anatomy/Rhythm & Time/Tempo/Speed,Fast
USWD11569822,Application/Function,Media Music
USWD11569822,Application/Playlist,Theme
USWD11569822,Performance/Ensemble/Ensemble Section/Wind Section,Has Winds
USWD11569822,Performance/Instrument/Strings,Cello
USWD11569822,Performance/Instrument/Wind,Flute
USHR11738188,Anatomy/Rhythm & Time/Tempo/Speed,Medium
USHR11738188,Origin/Applicable Dates/Originally Released Date,3/23/18
USWD10935875,Lyrics/Lyric Theme,Spiritual
USWD10935875,Lyrics/Lyric Theme/Feelings/Gratitude,Comfort
USWD10320942,Application/Playlist/Theme,Soundtrack
USWD10320942,Lyrics/Lyric Theme,Objects
USWD10320942,Lyrics/Lyric Theme/Feelings,Happiness
USWD10320942,Performance/Performer/Intensity,Medium
USHR11838412,Anatomy/Structure/Form,Song Form
USHR11838412,Application/Playlist/Time,Decade
USHR11838412,Genre/Pop,Alternative Pop
USHR11838412,Lyrics/Lyric Language/Indo-European,English
USHR11838412,Performance/Instrument/Instrument Effect,Sampling
USHR11536621,Application/Playlist/Activity,Hanging Out
USHR11536621,Application/Playlist/Time/Decade,2010s
USHR11536621,Performance/Instrument/Instrument Effect,Compression
USHR11536621,Performance/Instrument/Synthesizer/Synthesizer Part,Synth Bass
USHR11536621,Performance/Performer/Intensity,Medium
USWD10935875,Energy/Intensity/Low,Calm
USWD11783601,Application/Function/Media Music,Soundtrack
USWD11467130,Application/Version,Studio Version
USHR11737993,Application/Version,Studio Version
USHR11737993,Application/Playlist/Time/Decade,2010s
USHR11737993,Origin/Applicable Dates/Originally Released Date,5/5/17
USWD11467130,Energy/Emotion/Attitude,Dreamy
USWD10322246,Energy/Intensity/Medium,Medium-High Intensity
USWD10322246,Genre,R&B
USWD10423008,Performance/Instrument/Instrument Technique/Classical,Con sordino
USWD10423008,Performance/Voice/Vocal Range/Low Vocal Range,Baritone Voice
USWD10423008,Performance/Voice/Vocal Technique,Spoken
USHR11737936,Anatomy/Rhythm & Time/Beat Placement,On The Beat
USHR11737936,Genre/Pop,Modern Pop
USWD11677601,Anatomy/Arrangement,Voice & Music
USWD11677601,Performance/Ensemble/Ensemble Configuration,Pop Band
USWD11677601,Performance/Ensemble/Ensemble Section,Choir
USWD11677601,Anatomy/Structure/Structural Complexity,Simple Structure
USWD11677601,Application/Playlist/Mood,Inspiring
USHR11536621,Lyrics/Lyric Theme/Elements/Season,Summer
USHR11536621,Performance/Ensemble/Ensemble Timbre,Electronic/Synthetic
USWD10322246,Anatomy/Harmony/Root,F
USWD10322246,Performance/Ensemble/Ensemble Section,Percussion
USWD10322246,Performance/Performer/Intensity,Light
USHR11838412,Performance/Ensemble/Ensemble Section/Wind Section,No Winds
USWD11785324,Anatomy/Rhythm & Time/Meter/Simple,4
USWD11785324,Performance/Ensemble/Ensemble Section/String Section,Has Strings
USWD11785324,Performance/Performer/Intensity,Light
USWD11467130,Lyrics/Lyric Theme/Love/Obsession,Can't Get Over
USWD11467130,Performance/Instrument,Strings
USWD11569822,Anatomy/Rhythm & Time/BPM,85.99
USWD11569822,Anatomy/Rhythm & Time/Tempo/Speed,Slow
USHR11435914,Performance/Ensemble/Ensemble Section/String Section,No Strings
USWD10320942,Anatomy/Harmony/Mode,Major
USWD10320942,Performance/Ensemble/Ensemble Section,String Section
USWD10110145,Application/Playlist,Activity
USWD10110145,Lyrics/Lyric Theme/Spiritual,Idea
USWD10110145,Performance/Ensemble/Ensemble Configuration,Pop Band
USHR11435914,Application/Playlist/Theme,Faith
USHR11435914,Application/Version,Studio Version
USHR11435914,Energy/Sound Color,Balanced
USHR11435914,Lyrics/Lyric Theme/Consciousness,Awareness
USHR11435914,Origin/Relevant Location,North America
USWD11992478,Energy/Emotion/Attitude,Sentimental
USWD11992478,Lyrics/Lyric Theme/Feelings/Confidence,Protect
USWD11992478,Origin/Applicable Dates/Originally Released Date,3/11/19
USWD11992478,Performance/Ensemble/Ensemble Section,Percussion
USWD10936421,Anatomy/Rhythm & Time/Beat Placement,On The Beat
USWD10936421,Energy/Sound Color,Light
USWD10936421,Genre,Classical
USHR11737993,Lyrics/Lyric Theme,Conflict
USHR11737993,Lyrics/Lyric Theme/Feelings,Confidence
USHR11334762,Application/Playlist/Activity,Karaoke/Sing-Along
USHR11334762,Performance/Ensemble/Ensemble Section/String Section,No Strings
USHR11334762,Performance/Voice/Vocal Range/High Vocal Range,Mezzo-soprano Voice
USHR11637258,Application/Playlist/Time,Decade
USHR11637258,Lyrics/Lyric Language/Indo-European,English
USHR11637258,Lyrics/Lyric Theme/Love,Obsession
USHR11637258,Performance/Instrument,Drum Machine
USWD10423008,Performance/Voice/Vocal Range,Low Vocal Range
USWD10935875,Anatomy/Arrangement,Voice & Music
USWD10935875,Performance/Ensemble/Ensemble Section,Choir
USWD10935875,Performance/Ensemble/Ensemble Section,Wind Section
USHR11737936,Anatomy/Rhythm & Time/Meter/Simple,4
USHR11738188,Anatomy/Harmony/Mode,Major
USWD11569822,Application/Playlist,Time
USHR11738188,Genre/Rock/Metal,Alt Metal
USHR11738188,Lyrics/Lyric Theme,Conflict
USHR11738188,Performance/Instrument,Instrument Effect
USWD10935875,Anatomy/Structure/Structural Complexity,Simple Structure
USWD10935875,Application/Playlist/Time,Decade
USWD10935875,Energy/Intensity,Medium
USWD10935875,Performance/Instrument/Wind,Flute
USWD10320942,Anatomy/Rhythm & Time/Rhythmic Feel,Simple Feel
USWD10320942,Lyrics/Lyric Theme/Feelings/Happiness,Fun
USWD10320942,Performance/Instrument/Percussion/Unpitched,Tambourine
USHR11838412,Lyrics/Lyric Theme/Conflict/Shame,Lost
USHR11838412,Performance/Instrument/Synthesizer/Synthesizer Part,Synth Bass
USHR11536621,Anatomy/Production,Reverberant
USHR11536621,Application/Playlist/Time,Decade
USHR11536621,Performance/Ensemble/Ensemble Configuration,Pop Band
USHR11536621,Performance/Instrument,Synthesizer
USWD11783601,Anatomy/Structure/Structural Complexity,Simple Structure
USWD11783601,Performance/Voice/Background Vocals,Female Backgrounds
USHR11737993,Anatomy/Harmony/Mode,Minor
USHR11737993,Genre/Rock,Alternative Rock
USWD11467130,Performance/Ensemble/Ensemble Section,Choir
USWD11467130,Performance/Performer/Intensity,Light
USWD10322246,Anatomy/Structure/Dynamic Shape,Steady
USWD10423008,Application/Function,Media Music
USWD10423008,Application/Playlist/Theme,Soundtrack
USWD10423008,Lyrics/Lyric Theme/Motion,Action
USWD10423008,Performance/Ensemble/Ensemble Section,Wind Section
USHR11737936,Energy/Emotion,Attitude
USHR11737936,Energy/Emotion/Negative,Sad
USHR11737936,Lyrics/Lyric Theme/Conflict/Stress,Difficult
USHR11737936,Performance/Instrument/Instrument Effect,Compression
USHR11737936,Performance/Performer/Intensity,Medium
USWD11677601,Lyrics/Lyric Technique,Exclamation
USWD11677601,Performance/Instrument,Instrument Effect
USWD11677601,Performance/Voice/Background Vocals,Female Backgrounds
USWD11677601,Performance/Voice/Lead Vocals,Female
USWD10320942,Energy/Intensity/High,Driving
USHR11536621,Anatomy/Harmony/Root,Eb/D#
USHR11536621,Anatomy/Rhythm & Time/Tempo/Persistent Pulse,Steady
USHR11536621,Performance/Instrument,Drum Machine
USWD10322246,Anatomy/Arrangement,Voice & Music
USHR11838412,Anatomy/Arrangement,Voice & Music
USHR11838412,Anatomy/Harmony/Root,Eb/D#
USHR11838412,Performance/Voice/Vocal Range,Low Vocal Range
USHR11737993,Anatomy/Rhythm & Time/Tempo,Persistent Pulse
USHR11737993,Energy/Emotion,Positive
USHR11737993,Performance/Ensemble/Ensemble Timbre,Electric
USWD11785324,Anatomy/Rhythm & Time/Rhythmic Feel,Simple Feel
USWD11785324,Anatomy/Rhythm & Time/Tempo/Speed,Slow
USWD11785324,Energy/Intensity,Medium
USWD11785324,Origin/Applicable Dates/Originally Released Date,5/16/02
USWD11785324,Origin/Relevant Location/North America,United States
USWD11467130,Anatomy/Arrangement,Voice & Music
USWD11467130,Lyrics/Lyric Theme/Love,Pain
USWD11467130,Performance/Ensemble/Ensemble Section/String Section,Has Strings
USWD11569822,Lyrics/Lyric Theme,Love
USWD11569822,Performance/Ensemble/Ensemble Section,String Section
USHR11435914,Anatomy/Arrangement,Voice & Music
USHR11435914,Performance/Ensemble/Ensemble Section,String Section
USWD10110145,Anatomy/Structure/Form,Song Form
USWD10110145,Application/Playlist,Time
USWD10110145,Application/Playlist,Mood
USWD10110145,Energy/Emotion/Positive,Uplifting
USHR11435914,Anatomy/Structure/Structural Complexity/Simple Structure,Repetitive
USHR11435914,Application/Playlist/Theme,Heaven
USHR11435914,Energy/Intensity,High
USHR11435914,Performance/Ensemble/Ensemble Timbre,Electronic/Synthetic
USWD11992478,Performance/Instrument,Synthesizer
USWD11992478,Performance/Instrument/Strings,Bowed Strings
USWD10936421,Application/Playlist,Time
USWD10936421,Origin/Relevant Location/North America,United States
USWD11783601,Anatomy/Rhythm & Time/Tempo,Changing Pulse
USHR11737993,Lyrics/Lyric Theme,Feelings
USHR11737993,Lyrics/Lyric Theme/Objects,Fame
USHR11737993,Lyrics/Lyric Theme/Time/Human,Grow Older
USHR11334762,Application/Playlist/Time,Decade
USHR11334762,Genre,R&B
USHR11334762,Genre/R&B/Contemporary R&B,Alternative R&B
USHR11334762,Lyrics/Lyric Theme,Love
USHR11637258,Application/Playlist,Mood
USHR11637258,Application/Playlist/Mood,Feeling Down
USHR11637258,Origin/Relevant Location/North America,United States
USHR11637258,Performance/Instrument/Instrument Effect,Reverb
USWD10423008,Performance/Ensemble/Ensemble Section/Choir,No Choir
USWD10935875,Anatomy/Rhythm & Time/BPM,134.92
USWD10935875,Energy/Emotion,Attitude
USHR11737936,Performance/Instrument,Percussion
USWD11569822,Energy/Emotion/Attitude,Sentimental
USWD11569822,Performance/Instrument/Strings,Violin
USHR11738188,Lyrics/Lyric Theme/Conflict/Shame,Failure
USHR11738188,Performance/Voice,Background Vocals
USWD10935875,Performance/Performer/Intensity,Light
USWD10320942,Anatomy/Rhythm & Time/Beat Placement,On The Beat
USWD10320942,Application/Playlist/Time,Decade
USWD10320942,Energy/Intensity,Medium
USWD10320942,Lyrics/Lyric Theme/Health & Wellness/Medical,Healing
USWD10320942,Origin/Relevant Location/Europe,England
USWD10320942,Performance/Instrument/Percussion,Unpitched
USWD10320942,Performance/Voice/Vocal Range/High Vocal Range,Soprano Voice
USHR11838412,Energy/Sound Color,Full
USHR11838412,Lyrics/Lyric Theme/Conflict/Stress,Problems
USHR11838412,Lyrics/Lyric Theme/Spiritual/Place,Church
USHR11838412,Performance/Voice/Lead Vocals,Male
USHR11536621,Energy/Intensity/High,High Intensity
USHR11536621,Genre/Pop/Alternative Pop,Pop Rock
USHR11536621,Lyrics/Lyric Theme/Love/Temptation,Flirt
USWD11467130,Application/Function/Media Music,Soundtrack
USWD11783601,Energy/Sound Color,Bright
USWD11783601,Performance/Instrument/Bass,Upright Bass
USWD11783601,Performance/Instrument/Percussion/Percussion Section,Latin Percussion
USWD11783601,Performance/Instrument/Strings,Bowed Strings
USHR11737993,Energy/Emotion/Attitude,Dreamy
USHR11737993,Performance/Instrument/Bass,Electric Bass Guitar
USWD11467130,Application/Playlist,Time
USWD11467130,Energy/Emotion,Positive
USWD11467130,Energy/Intensity,Medium
USWD10322246,Anatomy/Rhythm & Time/Tempo/Persistent Pulse,Steady
USWD10322246,Energy/Emotion,Attitude
USWD10322246,Energy/Emotion/Positive,Exciting
USWD10322246,Genre,Pop
USWD10423008,Lyrics/Lyric Theme/Conflict,Stress
USWD10423008,Performance/Instrument/Strings,Plucked Strings
USHR11737936,Anatomy/Harmony/Root,Gb/F#
USHR11737936,Application/Playlist/Mood,Low-Key
USHR11737936,Energy/Sound Color,Dark
USHR11737936,Lyrics/Lyric Theme/Love/Obsession,Addicted To
USHR11737936,Performance/Instrument/Instrument Effect,Filtering
USHR11737936,Performance/Voice,Vocal Effect
USWD11677601,Anatomy/Rhythm & Time/Tempo,Persistent Pulse
USWD11677601,Energy/Emotion/Positive,Uplifting
USWD11677601,Energy/Sound Color,Full
USWD11677601,Performance/Instrument/Instrument Effect,Sampling